window,specification,aggregation,n_rows_chla,n_rows_cyano,n_weirs_chla,n_weirs_cyano,n_common_weirs,r_chla_full,r_cyano_full,r_chla_common,r_cyano_common,delta_r,delta_ci_low,delta_ci_high,interval_excludes_zero,positive_delta,support_status,p_method,global_endpoint_conclusion
pm1_2017_2025,raw_within_weir_pearson,equal_per_observation,756,756,16,13,13,0.4410230721463701,0.35625384909050334,0.42965746125809862,0.35625384909050334,0.073403612167595278,-0.011605471751837439,0.16643815624344621,False,True,estimable,not_computed_ci_primary,not_robust
pm1_2017_2025,raw_within_weir_pearson,equal_per_weir_fisher_z,756,756,16,13,13,0.48193814107339994,0.3780256704353146,0.45123313143356825,0.3780256704353146,0.073207460998253648,-0.02523351798372089,0.20148372462772801,False,True,estimable,not_computed_ci_primary,not_robust
pm1_2017_2025,site_by_calendar_month_pearson,equal_per_observation,756,756,16,13,13,0.41512601732339677,0.15134820795280401,0.4246265875604624,0.15134820795280401,0.27327837960765838,0.16003314420930026,0.3897601290000885,True,True,estimable,not_computed_ci_primary,not_robust
pm1_2017_2025,site_by_calendar_month_pearson,equal_per_weir_fisher_z,756,756,16,13,13,0.38941531791230466,0.18940351140876194,0.4303910106359195,0.18940351140876194,0.24098749922715756,0.13485808481289152,0.35986396897751066,True,True,estimable,not_computed_ci_primary,not_robust
pm1_2017_2025,within_weir_percentile_midrank,equal_per_observation,756,756,16,13,13,0.48069811515982686,0.43250934531411239,0.47218963030615219,0.43250934531411239,0.039680284992039794,-0.030927119332849907,0.12623780738597631,False,True,estimable,not_computed_ci_primary,not_robust
pm1_2017_2025,within_weir_percentile_midrank,equal_per_weir_fisher_z,756,756,16,13,13,0.49749035095137772,0.42336081012084448,0.47064906030764497,0.42336081012084448,0.047288250186800496,-0.035498078634394491,0.15043884889150669,False,True,estimable,not_computed_ci_primary,not_robust
pm1_2019_2025,raw_within_weir_pearson,equal_per_observation,680,680,16,13,13,0.45441975277316232,0.32962918043765699,0.44359561253842439,0.32962918043765699,0.1139664321007674,-0.0035000102704751727,0.23889321691619744,False,True,estimable,not_computed_ci_primary,not_robust
pm1_2019_2025,raw_within_weir_pearson,equal_per_weir_fisher_z,680,680,16,13,13,0.49644033130743725,0.35578082603241168,0.46082437871073278,0.35578082603241168,0.10504355267832111,-0.018445147910926538,0.27584575792823646,False,True,estimable,not_computed_ci_primary,not_robust
pm1_2019_2025,site_by_calendar_month_pearson,equal_per_observation,680,680,16,13,13,0.43835294533022107,0.13606519691059435,0.44534131777078118,0.13606519691059435,0.30927612086018685,0.16443931962982172,0.46078756615568767,True,True,estimable,not_computed_ci_primary,not_robust
pm1_2019_2025,site_by_calendar_month_pearson,equal_per_weir_fisher_z,680,680,16,13,13,0.42817292238881222,0.17774401160149197,0.45664462026855501,0.17774401160149197,0.27890060866706301,0.15145573087330261,0.41955185360334613,True,True,estimable,not_computed_ci_primary,not_robust
pm1_2019_2025,within_weir_percentile_midrank,equal_per_observation,680,680,16,13,13,0.48841046715384945,0.41719190474009499,0.47842416667765431,0.41719190474009499,0.061232261937559318,-0.022673446897979073,0.16660670790178739,False,True,estimable,not_computed_ci_primary,not_robust
pm1_2019_2025,within_weir_percentile_midrank,equal_per_weir_fisher_z,680,680,16,13,13,0.51187371849700736,0.40503051150086089,0.47654551741999918,0.40503051150086089,0.071515005919138286,-0.031287873222453653,0.19177220405556034,False,True,estimable,not_computed_ci_primary,not_robust
pm2_2017_2025,raw_within_weir_pearson,equal_per_observation,1142,1142,16,13,13,0.43808870695520385,0.37679372914133541,0.41945491684730934,0.37679372914133541,0.042661187705973935,-0.026268107603212076,0.12014023196117368,False,True,estimable,not_computed_ci_primary,not_robust
pm2_2017_2025,raw_within_weir_pearson,equal_per_weir_fisher_z,1142,1142,16,13,13,0.46380000165677671,0.38705731330032456,0.43226108696707544,0.38705731330032456,0.045203773666750879,-0.052163869310235339,0.15294278254562069,False,True,estimable,not_computed_ci_primary,not_robust
pm2_2017_2025,site_by_calendar_month_pearson,equal_per_observation,1142,1142,16,13,13,0.38126886322520492,0.18027516074699423,0.38434978648746598,0.18027516074699423,0.20407462574047175,0.12393734078177118,0.28597020629747194,True,True,estimable,not_computed_ci_primary,not_robust
pm2_2017_2025,site_by_calendar_month_pearson,equal_per_weir_fisher_z,1142,1142,16,13,13,0.37705212941874522,0.1979267815238801,0.38141022474447411,0.1979267815238801,0.18348344322059401,0.10227233871883147,0.26255402911198533,True,True,estimable,not_computed_ci_primary,not_robust
pm2_2017_2025,within_weir_percentile_midrank,equal_per_observation,1142,1142,16,13,13,0.46150945953532102,0.4415571083593427,0.44545421601941015,0.4415571083593427,0.0038971076600674559,-0.077748914080099166,0.09041697049812468,False,True,estimable,not_computed_ci_primary,not_robust
pm2_2017_2025,within_weir_percentile_midrank,equal_per_weir_fisher_z,1142,1142,16,13,13,0.47605876820925463,0.44640766495705431,0.44764737933972615,0.44640766495705431,0.0012397143826718415,-0.099842885583792743,0.10930421204219072,False,True,estimable,not_computed_ci_primary,not_robust
pm3_2017_2025,raw_within_weir_pearson,equal_per_observation,1385,1385,16,13,13,0.41569941152069745,0.36488204366069921,0.39297839023478087,0.36488204366069921,0.028096346574081665,-0.039096235787351448,0.097462048195969597,False,True,estimable,not_computed_ci_primary,not_robust
pm3_2017_2025,raw_within_weir_pearson,equal_per_weir_fisher_z,1385,1385,16,13,13,0.45020553682648629,0.37655986198504893,0.40970096394410987,0.37655986198504893,0.033141101959060948,-0.050992619953130876,0.13369612778008563,False,True,estimable,not_computed_ci_primary,not_robust
pm3_2017_2025,site_by_calendar_month_pearson,equal_per_observation,1385,1385,16,13,13,0.36415630803261878,0.17125071163196692,0.36111809150175811,0.17125071163196692,0.18986737986979119,0.11315052625860476,0.26871292761981103,True,True,estimable,not_computed_ci_primary,not_robust
pm3_2017_2025,site_by_calendar_month_pearson,equal_per_weir_fisher_z,1385,1385,16,13,13,0.37489172390519326,0.18461926799523024,0.36901763184131414,0.18461926799523024,0.18439836384608391,0.10754552875632795,0.25731375807266244,True,True,estimable,not_computed_ci_primary,not_robust
pm3_2017_2025,within_weir_percentile_midrank,equal_per_observation,1385,1385,16,13,13,0.44229871947117205,0.43046106583388277,0.4213752389340813,0.43046106583388277,-0.0090858268998014746,-0.087644949347402634,0.068413416334777127,False,False,estimable,not_computed_ci_primary,not_robust
pm3_2017_2025,within_weir_percentile_midrank,equal_per_weir_fisher_z,1385,1385,16,13,13,0.46683583583297855,0.43763983973244441,0.4300630981876723,0.43763983973244441,-0.0075767415447721143,-0.09618723848831813,0.088260783214001659,False,False,estimable,not_computed_ci_primary,not_robust
