window,specification,aggregation,index,endpoint,association,common_support_association,paired_delta_chla_minus_cyano,n_rows,n_estimable_weirs,n_common_weirs,n_cells,singleton_cells,cells_le_2,median_cell_size,full_ci_low,full_ci_high,full_finite_draws,common_ci_low,common_ci_high,common_finite_draws,delta_ci_low,delta_ci_high,delta_finite_draws,bootstrap_draws,bootstrap_seed,p_method
pm1_2017_2025,raw_within_weir_pearson,equal_per_weir_fisher_z,ndci,chlorophyll_a,0.48193814107339994,0.45123313143356825,0.073207460998253648,756,16,13,102,10,17,7,0.41149658074771134,0.54699573829926351,3000,0.37349947715300758,0.52193005595293807,3000,-0.02523351798372089,0.20148372462772801,3000,3000,20260815,not_computed_ci_primary
pm1_2017_2025,raw_within_weir_pearson,equal_per_weir_fisher_z,ndci,harmful_cyanobacteria,0.3780256704353146,0.3780256704353146,0.073207460998253648,756,13,13,102,10,17,7,0.23713175123528171,0.49757116714135219,3000,0.23377809832113536,0.49849932458191443,3000,-0.02523351798372089,0.20148372462772801,3000,3000,20260815,not_computed_ci_primary
pm1_2017_2025,raw_within_weir_pearson,equal_per_weir_fisher_z,fai,chlorophyll_a,0.22835668853652449,0.21743285588597983,0.020668953940901347,756,16,13,102,10,17,7,0.14690585549678739,0.31107960634692583,3000,0.11690425834387368,0.3203939049280472,3000,-0.14285029424582857,0.21394778654848448,3000,3000,20260815,not_computed_ci_primary
pm1_2017_2025,raw_within_weir_pearson,equal_per_weir_fisher_z,fai,harmful_cyanobacteria,0.19676390194507848,0.19676390194507848,0.020668953940901347,756,13,13,102,10,17,7,0.070182603660062737,0.32353796468326673,3000,0.07003336817211453,0.31809295098056772,3000,-0.14285029424582857,0.21394778654848448,3000,3000,20260815,not_computed_ci_primary
pm1_2017_2025,raw_within_weir_pearson,equal_per_observation,ndci,chlorophyll_a,0.4410230721463701,0.42965746125809862,0.073403612167595278,756,16,13,102,10,17,7,0.37683524628571047,0.51013623160239252,3000,0.36198884664259068,0.49541660139791993,3000,-0.011605471751837439,0.16643815624344621,3000,3000,20260815,not_computed_ci_primary
pm1_2017_2025,raw_within_weir_pearson,equal_per_observation,ndci,harmful_cyanobacteria,0.35625384909050334,0.35625384909050334,0.073403612167595278,756,13,13,102,10,17,7,0.24259618086290735,0.46784038326252464,3000,0.23902328520163443,0.4662598433310251,3000,-0.011605471751837439,0.16643815624344621,3000,3000,20260815,not_computed_ci_primary
pm1_2017_2025,raw_within_weir_pearson,equal_per_observation,fai,chlorophyll_a,0.17601425829057601,0.17752070487728197,-0.017253078413511896,756,16,13,102,10,17,7,0.10913910149692148,0.26926616453072072,3000,0.10431413156704825,0.27074182317070222,3000,-0.14374075573847425,0.15229860924350541,3000,3000,20260815,not_computed_ci_primary
pm1_2017_2025,raw_within_weir_pearson,equal_per_observation,fai,harmful_cyanobacteria,0.19477378329079387,0.19477378329079387,-0.017253078413511896,756,13,13,102,10,17,7,0.075924464052069873,0.29778574014039333,3000,0.083228381223192538,0.30279477631764146,3000,-0.14374075573847425,0.15229860924350541,3000,3000,20260815,not_computed_ci_primary
pm1_2017_2025,within_weir_percentile_midrank,equal_per_weir_fisher_z,ndci,chlorophyll_a,0.49749035095137772,0.47064906030764497,0.047288250186800496,756,16,13,102,10,17,7,0.43126558187559316,0.56220250614257639,3000,0.401464967295321,0.53741178759174824,3000,-0.035498078634394491,0.15043884889150669,3000,3000,20260815,not_computed_ci_primary
pm1_2017_2025,within_weir_percentile_midrank,equal_per_weir_fisher_z,ndci,harmful_cyanobacteria,0.42336081012084448,0.42336081012084448,0.047288250186800496,756,13,13,102,10,17,7,0.29122701659048589,0.53253657679430699,3000,0.2923271482793498,0.53449857469873563,3000,-0.035498078634394491,0.15043884889150669,3000,3000,20260815,not_computed_ci_primary
pm1_2017_2025,within_weir_percentile_midrank,equal_per_weir_fisher_z,fai,chlorophyll_a,0.22161973515248529,0.22615944673174773,-0.03636569083037447,756,16,13,102,10,17,7,0.13402032630239738,0.31142284867598269,3000,0.12099722958280933,0.33065486241797581,3000,-0.20683638199914769,0.17987172689895339,3000,3000,20260815,not_computed_ci_primary
pm1_2017_2025,within_weir_percentile_midrank,equal_per_weir_fisher_z,fai,harmful_cyanobacteria,0.2625251375621222,0.2625251375621222,-0.03636569083037447,756,13,13,102,10,17,7,0.12964744684892959,0.3750131376592501,3000,0.12686418481367404,0.37888052705197933,3000,-0.20683638199914769,0.17987172689895339,3000,3000,20260815,not_computed_ci_primary
pm1_2017_2025,within_weir_percentile_midrank,equal_per_observation,ndci,chlorophyll_a,0.48069811515982686,0.47218963030615219,0.039680284992039794,756,16,13,102,10,17,7,0.42111542914981792,0.53858933518526608,3000,0.41055277514425076,0.53137083766685844,3000,-0.030927119332849907,0.12623780738597631,3000,3000,20260815,not_computed_ci_primary
pm1_2017_2025,within_weir_percentile_midrank,equal_per_observation,ndci,harmful_cyanobacteria,0.43250934531411239,0.43250934531411239,0.039680284992039794,756,13,13,102,10,17,7,0.31335909741298623,0.53412085347989968,3000,0.31668595297011054,0.53719176241306255,3000,-0.030927119332849907,0.12623780738597631,3000,3000,20260815,not_computed_ci_primary
pm1_2017_2025,within_weir_percentile_midrank,equal_per_observation,fai,chlorophyll_a,0.19428608496220429,0.19398421537251601,-0.07328236700519461,756,16,13,102,10,17,7,0.11819237808094607,0.28001275818788862,3000,0.11352505312749206,0.28813561420583211,3000,-0.21341863279841847,0.10550308095835834,3000,3000,20260815,not_computed_ci_primary
pm1_2017_2025,within_weir_percentile_midrank,equal_per_observation,fai,harmful_cyanobacteria,0.26726658237771062,0.26726658237771062,-0.07328236700519461,756,13,13,102,10,17,7,0.16058069013339582,0.35470603364687225,3000,0.15907864363443563,0.35531298292278252,3000,-0.21341863279841847,0.10550308095835834,3000,3000,20260815,not_computed_ci_primary
pm1_2017_2025,site_by_calendar_month_pearson,equal_per_weir_fisher_z,ndci,chlorophyll_a,0.38941531791230466,0.4303910106359195,0.24098749922715756,756,16,13,102,10,17,7,0.30218610990361461,0.46239121686896273,3000,0.34943232117783507,0.49888573593143609,3000,0.13485808481289152,0.35986396897751066,3000,3000,20260815,not_computed_ci_primary
pm1_2017_2025,site_by_calendar_month_pearson,equal_per_weir_fisher_z,ndci,harmful_cyanobacteria,0.18940351140876194,0.18940351140876194,0.24098749922715756,756,13,13,102,10,17,7,0.05406409271784237,0.31568333542818044,3000,0.055805213291558652,0.31557908622332537,3000,0.13485808481289152,0.35986396897751066,3000,3000,20260815,not_computed_ci_primary
pm1_2017_2025,site_by_calendar_month_pearson,equal_per_weir_fisher_z,fai,chlorophyll_a,0.18201035027082002,0.2219873208105394,0.084686642795577166,756,16,13,102,10,17,7,0.11367457593718776,0.24502005315598716,3000,0.1620867870749815,0.27841060219391822,3000,-0.031125256428664066,0.21147318819319844,3000,3000,20260815,not_computed_ci_primary
pm1_2017_2025,site_by_calendar_month_pearson,equal_per_weir_fisher_z,fai,harmful_cyanobacteria,0.13730067801496224,0.13730067801496224,0.084686642795577166,756,13,13,102,10,17,7,0.03865804749315141,0.22777198481166919,3000,0.039015563385243493,0.22962804586664631,3000,-0.031125256428664066,0.21147318819319844,3000,3000,20260815,not_computed_ci_primary
pm1_2017_2025,site_by_calendar_month_pearson,equal_per_observation,ndci,chlorophyll_a,0.41512601732339677,0.4246265875604624,0.27327837960765838,756,16,13,102,10,17,7,0.33412079950325257,0.47821191706411453,3000,0.34738347931055125,0.48923769594777156,3000,0.16003314420930026,0.3897601290000885,3000,3000,20260815,not_computed_ci_primary
pm1_2017_2025,site_by_calendar_month_pearson,equal_per_observation,ndci,harmful_cyanobacteria,0.15134820795280401,0.15134820795280401,0.27327837960765838,756,13,13,102,10,17,7,0.047680589224753031,0.2718526922512518,3000,0.044249262223674167,0.27451161478510766,3000,0.16003314420930026,0.3897601290000885,3000,3000,20260815,not_computed_ci_primary
pm1_2017_2025,site_by_calendar_month_pearson,equal_per_observation,fai,chlorophyll_a,0.18678669455719765,0.19203102889212223,0.06909628979545461,756,16,13,102,10,17,7,0.13449794122582448,0.25878240218897186,3000,0.14057063720378826,0.26388136739815171,3000,-0.039900659880165341,0.19597350760054355,3000,3000,20260815,not_computed_ci_primary
pm1_2017_2025,site_by_calendar_month_pearson,equal_per_observation,fai,harmful_cyanobacteria,0.12293473909666762,0.12293473909666762,0.06909628979545461,756,13,13,102,10,17,7,0.028386650661676276,0.22248274223856457,3000,0.034938771365820777,0.22585085951564393,3000,-0.039900659880165341,0.19597350760054355,3000,3000,20260815,not_computed_ci_primary
pm2_2017_2025,raw_within_weir_pearson,equal_per_weir_fisher_z,ndci,chlorophyll_a,0.46380000165677671,0.43226108696707544,0.045203773666750879,1142,16,13,104,8,8,10,0.39530462721325682,0.52985242832449653,3000,0.35970356507544665,0.50207035508650133,3000,-0.052163869310235339,0.15294278254562069,3000,3000,20260815,not_computed_ci_primary
pm2_2017_2025,raw_within_weir_pearson,equal_per_weir_fisher_z,ndci,harmful_cyanobacteria,0.38705731330032456,0.38705731330032456,0.045203773666750879,1142,13,13,104,8,8,10,0.28440793231560046,0.47622170020250487,3000,0.28847103544827574,0.47683789061735821,3000,-0.052163869310235339,0.15294278254562069,3000,3000,20260815,not_computed_ci_primary
pm2_2017_2025,raw_within_weir_pearson,equal_per_weir_fisher_z,fai,chlorophyll_a,0.17762405789407223,0.18729812501140031,-0.0073954063234282219,1142,16,13,104,8,8,10,0.10230898760467219,0.25273497245187199,3000,0.090940686858733411,0.2799497155058141,3000,-0.15242230024433259,0.15787732318513933,3000,3000,20260815,not_computed_ci_primary
pm2_2017_2025,raw_within_weir_pearson,equal_per_weir_fisher_z,fai,harmful_cyanobacteria,0.19469353133482853,0.19469353133482853,-0.0073954063234282219,1142,13,13,104,8,8,10,0.098484435199884104,0.28163084368717839,3000,0.094984106931099779,0.28241471309272809,3000,-0.15242230024433259,0.15787732318513933,3000,3000,20260815,not_computed_ci_primary
pm2_2017_2025,raw_within_weir_pearson,equal_per_observation,ndci,chlorophyll_a,0.43808870695520385,0.41945491684730934,0.042661187705973935,1142,16,13,104,8,8,10,0.37197904779197355,0.5068120285147879,3000,0.3536800209055555,0.48775459341203453,3000,-0.026268107603212076,0.12014023196117368,3000,3000,20260815,not_computed_ci_primary
pm2_2017_2025,raw_within_weir_pearson,equal_per_observation,ndci,harmful_cyanobacteria,0.37679372914133541,0.37679372914133541,0.042661187705973935,1142,13,13,104,8,8,10,0.28300813998944896,0.46135817731089401,3000,0.287257315458747,0.4614082687937005,3000,-0.026268107603212076,0.12014023196117368,3000,3000,20260815,not_computed_ci_primary
pm2_2017_2025,raw_within_weir_pearson,equal_per_observation,fai,chlorophyll_a,0.16283020812843027,0.16745598990297525,-0.038385311543078893,1142,16,13,104,8,8,10,0.10041794606778132,0.23476190166702768,3000,0.10136846553404577,0.24196045892265899,3000,-0.15819657923000299,0.10685422226988055,3000,3000,20260815,not_computed_ci_primary
pm2_2017_2025,raw_within_weir_pearson,equal_per_observation,fai,harmful_cyanobacteria,0.20584130144605414,0.20584130144605414,-0.038385311543078893,1142,13,13,104,8,8,10,0.10789893717461145,0.29350740186640639,3000,0.10786413066657614,0.29292606029916396,3000,-0.15819657923000299,0.10685422226988055,3000,3000,20260815,not_computed_ci_primary
pm2_2017_2025,within_weir_percentile_midrank,equal_per_weir_fisher_z,ndci,chlorophyll_a,0.47605876820925463,0.44764737933972615,0.0012397143826718415,1142,16,13,104,8,8,10,0.39168460441449349,0.5498984541186952,3000,0.35933406811683183,0.52964294579471283,3000,-0.099842885583792743,0.10930421204219072,3000,3000,20260815,not_computed_ci_primary
pm2_2017_2025,within_weir_percentile_midrank,equal_per_weir_fisher_z,ndci,harmful_cyanobacteria,0.44640766495705431,0.44640766495705431,0.0012397143826718415,1142,13,13,104,8,8,10,0.33604639439642192,0.53843099804407102,3000,0.34013840968293951,0.54112953934483554,3000,-0.099842885583792743,0.10930421204219072,3000,3000,20260815,not_computed_ci_primary
pm2_2017_2025,within_weir_percentile_midrank,equal_per_weir_fisher_z,fai,chlorophyll_a,0.19594395228111577,0.18826455585008911,-0.099018938680035362,1142,16,13,104,8,8,10,0.11112372299866466,0.28739115137690791,3000,0.087855672721151884,0.29065887411338437,3000,-0.25034636364150287,0.091719379289524408,3000,3000,20260815,not_computed_ci_primary
pm2_2017_2025,within_weir_percentile_midrank,equal_per_weir_fisher_z,fai,harmful_cyanobacteria,0.28728349453012447,0.28728349453012447,-0.099018938680035362,1142,13,13,104,8,8,10,0.17789268371683983,0.38379599144283688,3000,0.17232181104843441,0.38317090473509602,3000,-0.25034636364150287,0.091719379289524408,3000,3000,20260815,not_computed_ci_primary
pm2_2017_2025,within_weir_percentile_midrank,equal_per_observation,ndci,chlorophyll_a,0.46150945953532102,0.44545421601941015,0.0038971076600674559,1142,16,13,104,8,8,10,0.39042860117772049,0.53300635025994347,3000,0.36332605557128689,0.52137817467669489,3000,-0.077748914080099166,0.09041697049812468,3000,3000,20260815,not_computed_ci_primary
pm2_2017_2025,within_weir_percentile_midrank,equal_per_observation,ndci,harmful_cyanobacteria,0.4415571083593427,0.4415571083593427,0.0038971076600674559,1142,13,13,104,8,8,10,0.34355477002909401,0.52975356416311115,3000,0.34701916525667514,0.53506586212809859,3000,-0.077748914080099166,0.09041697049812468,3000,3000,20260815,not_computed_ci_primary
pm2_2017_2025,within_weir_percentile_midrank,equal_per_observation,fai,chlorophyll_a,0.17650783661709787,0.16998523477411021,-0.11798531115293187,1142,16,13,104,8,8,10,0.10285016392595658,0.25224729657873296,3000,0.09092039960780271,0.25973521495809543,3000,-0.24390743967800407,0.040914756972613452,3000,3000,20260815,not_computed_ci_primary
pm2_2017_2025,within_weir_percentile_midrank,equal_per_observation,fai,harmful_cyanobacteria,0.28797054592704208,0.28797054592704208,-0.11798531115293187,1142,13,13,104,8,8,10,0.19074583884973495,0.36774890761160389,3000,0.1932710677251048,0.36857422994837524,3000,-0.24390743967800407,0.040914756972613452,3000,3000,20260815,not_computed_ci_primary
pm2_2017_2025,site_by_calendar_month_pearson,equal_per_weir_fisher_z,ndci,chlorophyll_a,0.37705212941874522,0.38141022474447411,0.18348344322059401,1142,16,13,104,8,8,10,0.3090198335150271,0.43168016990030378,3000,0.30457608615656795,0.44607787456732056,3000,0.10227233871883147,0.26255402911198533,3000,3000,20260815,not_computed_ci_primary
pm2_2017_2025,site_by_calendar_month_pearson,equal_per_weir_fisher_z,ndci,harmful_cyanobacteria,0.1979267815238801,0.1979267815238801,0.18348344322059401,1142,13,13,104,8,8,10,0.099729432727331244,0.28520102739264247,3000,0.097353001833204209,0.27995039963443452,3000,0.10227233871883147,0.26255402911198533,3000,3000,20260815,not_computed_ci_primary
pm2_2017_2025,site_by_calendar_month_pearson,equal_per_weir_fisher_z,fai,chlorophyll_a,0.11925634376062232,0.1370865036935337,0.050257149558966027,1142,16,13,104,8,8,10,0.052535799760986442,0.17959801524540278,3000,0.054655480566476171,0.19960194187367231,3000,-0.049547400077123063,0.14396207135528688,3000,3000,20260815,not_computed_ci_primary
pm2_2017_2025,site_by_calendar_month_pearson,equal_per_weir_fisher_z,fai,harmful_cyanobacteria,0.086829354134567674,0.086829354134567674,0.050257149558966027,1142,13,13,104,8,8,10,-0.00094631615119626633,0.1733467346604379,3000,-0.0011266426864020988,0.17391201248306595,3000,-0.049547400077123063,0.14396207135528688,3000,3000,20260815,not_computed_ci_primary
pm2_2017_2025,site_by_calendar_month_pearson,equal_per_observation,ndci,chlorophyll_a,0.38126886322520492,0.38434978648746598,0.20407462574047175,1142,16,13,104,8,8,10,0.32489210028283078,0.43543541672736696,3000,0.32078269755348027,0.44178758480742591,3000,0.12393734078177118,0.28597020629747194,3000,3000,20260815,not_computed_ci_primary
pm2_2017_2025,site_by_calendar_month_pearson,equal_per_observation,ndci,harmful_cyanobacteria,0.18027516074699423,0.18027516074699423,0.20407462574047175,1142,13,13,104,8,8,10,0.090481115543797647,0.26754631706550264,3000,0.096724700193368068,0.26641796913231536,3000,0.12393734078177118,0.28597020629747194,3000,3000,20260815,not_computed_ci_primary
pm2_2017_2025,site_by_calendar_month_pearson,equal_per_observation,fai,chlorophyll_a,0.13088416593164179,0.13802823810601589,0.052679325064506649,1142,16,13,104,8,8,10,0.078876482870758116,0.18068677884689577,3000,0.083359819633022081,0.18996846716996202,3000,-0.024732326820015079,0.1492247250170485,3000,3000,20260815,not_computed_ci_primary
pm2_2017_2025,site_by_calendar_month_pearson,equal_per_observation,fai,harmful_cyanobacteria,0.085348913041509239,0.085348913041509239,0.052679325064506649,1142,13,13,104,8,8,10,-6.5182025980556235e-05,0.16868222430475088,3000,-0.0025123543813941507,0.16753936688367138,3000,-0.024732326820015079,0.1492247250170485,3000,3000,20260815,not_computed_ci_primary
pm3_2017_2025,raw_within_weir_pearson,equal_per_weir_fisher_z,ndci,chlorophyll_a,0.45020553682648629,0.40970096394410987,0.033141101959060948,1385,16,13,111,14,15,12,0.37670064295717243,0.52116481321773855,3000,0.33905607708276703,0.48692458320367971,3000,-0.050992619953130876,0.13369612778008563,3000,3000,20260815,not_computed_ci_primary
pm3_2017_2025,raw_within_weir_pearson,equal_per_weir_fisher_z,ndci,harmful_cyanobacteria,0.37655986198504893,0.37655986198504893,0.033141101959060948,1385,13,13,111,14,15,12,0.27959298397946264,0.46548230660739759,3000,0.27676792993349286,0.46369769174094705,3000,-0.050992619953130876,0.13369612778008563,3000,3000,20260815,not_computed_ci_primary
pm3_2017_2025,raw_within_weir_pearson,equal_per_weir_fisher_z,fai,chlorophyll_a,0.18977997151342033,0.20683795806343119,0.0091539379630030671,1385,16,13,111,14,15,12,0.12752120722731436,0.25684497999282829,3000,0.13230753965598463,0.28637581231853726,3000,-0.11043012267039645,0.15628062277536073,3000,3000,20260815,not_computed_ci_primary
pm3_2017_2025,raw_within_weir_pearson,equal_per_weir_fisher_z,fai,harmful_cyanobacteria,0.19768402010042813,0.19768402010042813,0.0091539379630030671,1385,13,13,111,14,15,12,0.11126163211655367,0.2741938186795651,3000,0.11281381508380275,0.27782608173035173,3000,-0.11043012267039645,0.15628062277536073,3000,3000,20260815,not_computed_ci_primary
pm3_2017_2025,raw_within_weir_pearson,equal_per_observation,ndci,chlorophyll_a,0.41569941152069745,0.39297839023478087,0.028096346574081665,1385,16,13,111,14,15,12,0.34827534093578721,0.48819890335415744,3000,0.3242172265660837,0.46390780593652919,3000,-0.039096235787351448,0.097462048195969597,3000,3000,20260815,not_computed_ci_primary
pm3_2017_2025,raw_within_weir_pearson,equal_per_observation,ndci,harmful_cyanobacteria,0.36488204366069921,0.36488204366069921,0.028096346574081665,1385,13,13,111,14,15,12,0.28440674298514101,0.4484016978875765,3000,0.27792338122495719,0.44488161672253146,3000,-0.039096235787351448,0.097462048195969597,3000,3000,20260815,not_computed_ci_primary
pm3_2017_2025,raw_within_weir_pearson,equal_per_observation,fai,chlorophyll_a,0.17681583714118179,0.18432894264511721,-0.020998182477113048,1385,16,13,111,14,15,12,0.1143635041641051,0.25073490511683105,3000,0.11805294788965877,0.25682234057058118,3000,-0.13228538767434683,0.11372356907376906,3000,3000,20260815,not_computed_ci_primary
pm3_2017_2025,raw_within_weir_pearson,equal_per_observation,fai,harmful_cyanobacteria,0.20532712512223025,0.20532712512223025,-0.020998182477113048,1385,13,13,111,14,15,12,0.11373969019432231,0.28911301046840354,3000,0.11595084659703241,0.28483639700468127,3000,-0.13228538767434683,0.11372356907376906,3000,3000,20260815,not_computed_ci_primary
pm3_2017_2025,within_weir_percentile_midrank,equal_per_weir_fisher_z,ndci,chlorophyll_a,0.46683583583297855,0.4300630981876723,-0.0075767415447721143,1385,16,13,111,14,15,12,0.38484627205907052,0.54310173803537543,3000,0.34708526751230545,0.51724943197050344,3000,-0.09618723848831813,0.088260783214001659,3000,3000,20260815,not_computed_ci_primary
pm3_2017_2025,within_weir_percentile_midrank,equal_per_weir_fisher_z,ndci,harmful_cyanobacteria,0.43763983973244441,0.43763983973244441,-0.0075767415447721143,1385,13,13,111,14,15,12,0.33350983519206451,0.52923512242891724,3000,0.33125453378014003,0.52869842701697845,3000,-0.09618723848831813,0.088260783214001659,3000,3000,20260815,not_computed_ci_primary
pm3_2017_2025,within_weir_percentile_midrank,equal_per_weir_fisher_z,fai,chlorophyll_a,0.20439914165925538,0.20676374761849003,-0.082197259000506895,1385,16,13,111,14,15,12,0.12878175884424109,0.28482148021071801,3000,0.11747744028958362,0.30619979534748054,3000,-0.2198413810496494,0.096753263724854613,3000,3000,20260815,not_computed_ci_primary
pm3_2017_2025,within_weir_percentile_midrank,equal_per_weir_fisher_z,fai,harmful_cyanobacteria,0.28896100661899693,0.28896100661899693,-0.082197259000506895,1385,13,13,111,14,15,12,0.18672376457193213,0.38074330220540481,3000,0.1863632339124599,0.38087776112370197,3000,-0.2198413810496494,0.096753263724854613,3000,3000,20260815,not_computed_ci_primary
pm3_2017_2025,within_weir_percentile_midrank,equal_per_observation,ndci,chlorophyll_a,0.44229871947117205,0.4213752389340813,-0.0090858268998014746,1385,16,13,111,14,15,12,0.36982669496111692,0.51913242720575214,3000,0.34408733599973029,0.49926930900100502,3000,-0.087644949347402634,0.068413416334777127,3000,3000,20260815,not_computed_ci_primary
pm3_2017_2025,within_weir_percentile_midrank,equal_per_observation,ndci,harmful_cyanobacteria,0.43046106583388277,0.43046106583388277,-0.0090858268998014746,1385,13,13,111,14,15,12,0.33696127183443453,0.51629685696211625,3000,0.33858174880515046,0.51893373189938385,3000,-0.087644949347402634,0.068413416334777127,3000,3000,20260815,not_computed_ci_primary
pm3_2017_2025,within_weir_percentile_midrank,equal_per_observation,fai,chlorophyll_a,0.19009424485307275,0.19010069395146806,-0.098353386355231276,1385,16,13,111,14,15,12,0.12253862879510988,0.26166057718213864,3000,0.11437710669003315,0.27369692643853405,3000,-0.20976230654068967,0.045904381408958882,3000,3000,20260815,not_computed_ci_primary
pm3_2017_2025,within_weir_percentile_midrank,equal_per_observation,fai,harmful_cyanobacteria,0.28845408030669933,0.28845408030669933,-0.098353386355231276,1385,13,13,111,14,15,12,0.20571075163072181,0.36368160794294579,3000,0.20669269068964433,0.36118203391392573,3000,-0.20976230654068967,0.045904381408958882,3000,3000,20260815,not_computed_ci_primary
pm3_2017_2025,site_by_calendar_month_pearson,equal_per_weir_fisher_z,ndci,chlorophyll_a,0.37489172390519326,0.36901763184131414,0.18439836384608391,1385,16,13,111,14,15,12,0.31057951100221964,0.43040482062655971,3000,0.29653067882548012,0.43068079711544699,3000,0.10754552875632795,0.25731375807266244,3000,3000,20260815,not_computed_ci_primary
pm3_2017_2025,site_by_calendar_month_pearson,equal_per_weir_fisher_z,ndci,harmful_cyanobacteria,0.18461926799523024,0.18461926799523024,0.18439836384608391,1385,13,13,111,14,15,12,0.092052693261505489,0.2626828924457042,3000,0.091022525107047156,0.26308094285460587,3000,0.10754552875632795,0.25731375807266244,3000,3000,20260815,not_computed_ci_primary
pm3_2017_2025,site_by_calendar_month_pearson,equal_per_weir_fisher_z,fai,chlorophyll_a,0.15670122087746152,0.18147512503732843,0.082052104623607833,1385,16,13,111,14,15,12,0.10052508006222964,0.2094075094709682,3000,0.1234975525164009,0.23307711641663431,3000,-0.0054831693045439313,0.17435188181276406,3000,3000,20260815,not_computed_ci_primary
pm3_2017_2025,site_by_calendar_month_pearson,equal_per_weir_fisher_z,fai,harmful_cyanobacteria,0.0994230204137206,0.0994230204137206,0.082052104623607833,1385,13,13,111,14,15,12,0.020859859230918019,0.17319571336766132,3000,0.022476876805603781,0.17397444784602761,3000,-0.0054831693045439313,0.17435188181276406,3000,3000,20260815,not_computed_ci_primary
pm3_2017_2025,site_by_calendar_month_pearson,equal_per_observation,ndci,chlorophyll_a,0.36415630803261878,0.36111809150175811,0.18986737986979119,1385,16,13,111,14,15,12,0.30243302664737864,0.42213003770183105,3000,0.29655554168579484,0.41975356745373588,3000,0.11315052625860476,0.26871292761981103,3000,3000,20260815,not_computed_ci_primary
pm3_2017_2025,site_by_calendar_month_pearson,equal_per_observation,ndci,harmful_cyanobacteria,0.17125071163196692,0.17125071163196692,0.18986737986979119,1385,13,13,111,14,15,12,0.097196629089375722,0.24388443729235129,3000,0.096566873202278164,0.24799062198852881,3000,0.11315052625860476,0.26871292761981103,3000,3000,20260815,not_computed_ci_primary
pm3_2017_2025,site_by_calendar_month_pearson,equal_per_observation,fai,chlorophyll_a,0.15735313666268949,0.16584746054147317,0.075279814182763069,1385,16,13,111,14,15,12,0.11206353879544428,0.20146171567376417,3000,0.12114234867215289,0.21693167360425356,3000,-0.0058755502789298265,0.17057910209643937,3000,3000,20260815,not_computed_ci_primary
pm3_2017_2025,site_by_calendar_month_pearson,equal_per_observation,fai,harmful_cyanobacteria,0.090567646358710105,0.090567646358710105,0.075279814182763069,1385,13,13,111,14,15,12,0.014836724380127285,0.16561116063588696,3000,0.018131157781531723,0.16863064230012809,3000,-0.0058755502789298265,0.17057910209643937,3000,3000,20260815,not_computed_ci_primary
pm1_2019_2025,raw_within_weir_pearson,equal_per_weir_fisher_z,ndci,chlorophyll_a,0.49644033130743725,0.46082437871073278,0.10504355267832111,680,16,13,102,10,20,6,0.42756895039882242,0.56083204029788691,3000,0.38777875285855823,0.53003462196941231,3000,-0.018445147910926538,0.27584575792823646,3000,3000,20260815,not_computed_ci_primary
pm1_2019_2025,raw_within_weir_pearson,equal_per_weir_fisher_z,ndci,harmful_cyanobacteria,0.35578082603241168,0.35578082603241168,0.10504355267832111,680,13,13,102,10,20,6,0.20170433604845608,0.49018379831558956,3000,0.18930622243862549,0.487072870786393,3000,-0.018445147910926538,0.27584575792823646,3000,3000,20260815,not_computed_ci_primary
pm1_2019_2025,raw_within_weir_pearson,equal_per_weir_fisher_z,fai,chlorophyll_a,0.22335822146277554,0.21264149250531009,0.033713846221039512,680,16,13,102,10,20,6,0.1234793475642539,0.32030805353261588,3000,0.091817041975444838,0.33390722472637036,3000,-0.15207772513936316,0.261777780782326,3000,3000,20260815,not_computed_ci_primary
pm1_2019_2025,raw_within_weir_pearson,equal_per_weir_fisher_z,fai,harmful_cyanobacteria,0.17892764628427058,0.17892764628427058,0.033713846221039512,680,13,13,102,10,20,6,0.048309592349567276,0.30541685263033352,3000,0.040174163706310759,0.31039894056933581,3000,-0.15207772513936316,0.261777780782326,3000,3000,20260815,not_computed_ci_primary
pm1_2019_2025,raw_within_weir_pearson,equal_per_observation,ndci,chlorophyll_a,0.45441975277316232,0.44359561253842439,0.1139664321007674,680,16,13,102,10,20,6,0.39327044011350176,0.51460223366030289,3000,0.37501831691239962,0.50520798803244804,3000,-0.0035000102704751727,0.23889321691619744,3000,3000,20260815,not_computed_ci_primary
pm1_2019_2025,raw_within_weir_pearson,equal_per_observation,ndci,harmful_cyanobacteria,0.32962918043765699,0.32962918043765699,0.1139664321007674,680,13,13,102,10,20,6,0.2006714462569224,0.46020332507668993,3000,0.20122928624366931,0.4602330569414454,3000,-0.0035000102704751727,0.23889321691619744,3000,3000,20260815,not_computed_ci_primary
pm1_2019_2025,raw_within_weir_pearson,equal_per_observation,fai,chlorophyll_a,0.16538781717331102,0.1671675624348849,-0.01324695567065734,680,16,13,102,10,20,6,0.089684186131364446,0.26674502171998954,3000,0.086661002291362532,0.26344294196420925,3000,-0.15504166333153313,0.15775923986416243,3000,3000,20260815,not_computed_ci_primary
pm1_2019_2025,raw_within_weir_pearson,equal_per_observation,fai,harmful_cyanobacteria,0.18041451810554224,0.18041451810554224,-0.01324695567065734,680,13,13,102,10,20,6,0.076420067048422954,0.29098950729901563,3000,0.071365850538428879,0.28993949077267378,3000,-0.15504166333153313,0.15775923986416243,3000,3000,20260815,not_computed_ci_primary
pm1_2019_2025,within_weir_percentile_midrank,equal_per_weir_fisher_z,ndci,chlorophyll_a,0.51187371849700736,0.47654551741999918,0.071515005919138286,680,16,13,102,10,20,6,0.4400074003287035,0.58501423630932214,3000,0.40085135226004548,0.54890638245141887,3000,-0.031287873222453653,0.19177220405556034,3000,3000,20260815,not_computed_ci_primary
pm1_2019_2025,within_weir_percentile_midrank,equal_per_weir_fisher_z,ndci,harmful_cyanobacteria,0.40503051150086089,0.40503051150086089,0.071515005919138286,680,13,13,102,10,20,6,0.26832248083963606,0.52201275184275442,3000,0.27133188477970688,0.52115836773786728,3000,-0.031287873222453653,0.19177220405556034,3000,3000,20260815,not_computed_ci_primary
pm1_2019_2025,within_weir_percentile_midrank,equal_per_weir_fisher_z,fai,chlorophyll_a,0.21839304453568942,0.2217434571874278,-0.019623819310993718,680,16,13,102,10,20,6,0.10633518598937178,0.3367513227710906,3000,0.082410985652252855,0.36429155245514017,3000,-0.22220258896811518,0.2299895798810897,3000,3000,20260815,not_computed_ci_primary
pm1_2019_2025,within_weir_percentile_midrank,equal_per_weir_fisher_z,fai,harmful_cyanobacteria,0.24136727649842152,0.24136727649842152,-0.019623819310993718,680,13,13,102,10,20,6,0.10895199630624371,0.35802022498867203,3000,0.10447501063512458,0.3527787085607606,3000,-0.22220258896811518,0.2299895798810897,3000,3000,20260815,not_computed_ci_primary
pm1_2019_2025,within_weir_percentile_midrank,equal_per_observation,ndci,chlorophyll_a,0.48841046715384945,0.47842416667765431,0.061232261937559318,680,16,13,102,10,20,6,0.42673497389517179,0.54795809705150189,3000,0.41128252217698863,0.54091731221894024,3000,-0.022673446897979073,0.16660670790178739,3000,3000,20260815,not_computed_ci_primary
pm1_2019_2025,within_weir_percentile_midrank,equal_per_observation,ndci,harmful_cyanobacteria,0.41719190474009499,0.41719190474009499,0.061232261937559318,680,13,13,102,10,20,6,0.29580869437861851,0.51992841078813923,3000,0.2989103957193065,0.52098571655470427,3000,-0.022673446897979073,0.16660670790178739,3000,3000,20260815,not_computed_ci_primary
pm1_2019_2025,within_weir_percentile_midrank,equal_per_observation,fai,chlorophyll_a,0.1813884263404747,0.18030182959285496,-0.073521197918636094,680,16,13,102,10,20,6,0.083902229327015354,0.29010123760383733,3000,0.08080400058204712,0.29570116029598742,3000,-0.22438788234466617,0.1244141883657032,3000,3000,20260815,not_computed_ci_primary
pm1_2019_2025,within_weir_percentile_midrank,equal_per_observation,fai,harmful_cyanobacteria,0.25382302751149105,0.25382302751149105,-0.073521197918636094,680,13,13,102,10,20,6,0.15270144142321621,0.3356018328359886,3000,0.15392274073393569,0.33546041293670409,3000,-0.22438788234466617,0.1244141883657032,3000,3000,20260815,not_computed_ci_primary
pm1_2019_2025,site_by_calendar_month_pearson,equal_per_weir_fisher_z,ndci,chlorophyll_a,0.42817292238881222,0.45664462026855501,0.27890060866706301,680,16,13,102,10,20,6,0.36413807922614883,0.4894047696528252,3000,0.38404581061865994,0.52344539452904004,3000,0.15145573087330261,0.41955185360334613,3000,3000,20260815,not_computed_ci_primary
pm1_2019_2025,site_by_calendar_month_pearson,equal_per_weir_fisher_z,ndci,harmful_cyanobacteria,0.17774401160149197,0.17774401160149197,0.27890060866706301,680,13,13,102,10,20,6,0.050972693391902621,0.3015078070020939,3000,0.051839072836000401,0.30047127054418965,3000,0.15145573087330261,0.41955185360334613,3000,3000,20260815,not_computed_ci_primary
pm1_2019_2025,site_by_calendar_month_pearson,equal_per_weir_fisher_z,fai,chlorophyll_a,0.20483981917206279,0.22754254506400756,0.085923317538859179,680,16,13,102,10,20,6,0.13876040077373233,0.28084265522796414,3000,0.15310879604558814,0.30587553570696818,3000,-0.04384845369183682,0.23408646513422404,3000,3000,20260815,not_computed_ci_primary
pm1_2019_2025,site_by_calendar_month_pearson,equal_per_weir_fisher_z,fai,harmful_cyanobacteria,0.14161922752514838,0.14161922752514838,0.085923317538859179,680,13,13,102,10,20,6,0.046667769711413704,0.22877141410041368,3000,0.050118348414368005,0.22913613037384351,3000,-0.04384845369183682,0.23408646513422404,3000,3000,20260815,not_computed_ci_primary
pm1_2019_2025,site_by_calendar_month_pearson,equal_per_observation,ndci,chlorophyll_a,0.43835294533022107,0.44534131777078118,0.30927612086018685,680,16,13,102,10,20,6,0.35390212975688334,0.50838277745476312,3000,0.36694882927247047,0.51873893880807731,3000,0.16443931962982172,0.46078756615568767,3000,3000,20260815,not_computed_ci_primary
pm1_2019_2025,site_by_calendar_month_pearson,equal_per_observation,ndci,harmful_cyanobacteria,0.13606519691059435,0.13606519691059435,0.30927612086018685,680,13,13,102,10,20,6,0.031332407044628939,0.26263842625472333,3000,0.02660363151722115,0.26723933424426416,3000,0.16443931962982172,0.46078756615568767,3000,3000,20260815,not_computed_ci_primary
pm1_2019_2025,site_by_calendar_month_pearson,equal_per_observation,fai,chlorophyll_a,0.18611728826501722,0.18976306389572783,0.058179627442455112,680,16,13,102,10,20,6,0.13123651631720301,0.2672542038813347,3000,0.13538155104606833,0.2732908739871453,3000,-0.054292207468088251,0.19516265424336543,3000,3000,20260815,not_computed_ci_primary
pm1_2019_2025,site_by_calendar_month_pearson,equal_per_observation,fai,harmful_cyanobacteria,0.13158343645327272,0.13158343645327272,0.058179627442455112,680,13,13,102,10,20,6,0.04661592005704103,0.22943873596517006,3000,0.042217278870206029,0.23131235096845418,3000,-0.054292207468088251,0.19516265424336543,3000,3000,20260815,not_computed_ci_primary
