site,year,satellite_site_dates,scene_components,unique_scenes,unique_products,unique_tiles,ndci_valid_pixel_sum,fai_valid_pixel_sum,median_gap_days,max_gap_days,observed_low_coverage,archive_cause_verified,accounting_period
Ipo Weir,2017,6,6,6,6,1,63642,63642,25,115,True,False,2017_2025
Ipo Weir,2018,6,6,6,6,1,63642,63642,20,80,True,False,2017_2025
Ipo Weir,2019,8,8,8,8,1,84711,84711,15,100,False,False,2017_2025_and_2019_2025_sensitivity
Ipo Weir,2020,12,12,12,12,1,113570,113200,10,65,False,False,2017_2025_and_2019_2025_sensitivity
Ipo Weir,2021,8,8,8,8,1,84844,84726,20,70,False,False,2017_2025_and_2019_2025_sensitivity
Ipo Weir,2022,8,8,8,8,1,84856,84856,10,105,False,False,2017_2025_and_2019_2025_sensitivity
Ipo Weir,2023,7,7,7,7,1,74249,74249,17.5,35,False,False,2017_2025_and_2019_2025_sensitivity
Ipo Weir,2024,11,11,11,11,1,116665,116665,10,55,False,False,2017_2025_and_2019_2025_sensitivity
Ipo Weir,2025,9,9,9,9,1,95461,95461,17.5,48,False,False,2017_2025_and_2019_2025_sensitivity
Yeoju Weir,2017,6,6,6,6,1,59904,59904,25,115,True,False,2017_2025
Yeoju Weir,2018,6,6,6,6,1,55039,55039,20,80,True,False,2017_2025
Yeoju Weir,2019,9,9,9,9,1,85524,85524,10,100,False,False,2017_2025_and_2019_2025_sensitivity
Yeoju Weir,2020,12,12,12,12,1,115896,115570,10,65,False,False,2017_2025_and_2019_2025_sensitivity
Yeoju Weir,2021,8,8,8,8,1,78379,78367,20,70,False,False,2017_2025_and_2019_2025_sensitivity
Yeoju Weir,2022,8,8,8,8,1,79872,79872,10,105,False,False,2017_2025_and_2019_2025_sensitivity
Yeoju Weir,2023,7,7,7,7,1,69888,69888,17.5,35,False,False,2017_2025_and_2019_2025_sensitivity
Yeoju Weir,2024,11,11,11,11,1,109800,109800,10,55,False,False,2017_2025_and_2019_2025_sensitivity
Yeoju Weir,2025,9,9,9,9,1,78997,78997,17.5,48,False,False,2017_2025_and_2019_2025_sensitivity
Gangcheon Weir,2017,6,6,6,6,1,54360,54360,25,115,True,False,2017_2025
Gangcheon Weir,2018,6,6,6,6,1,54360,54360,20,80,True,False,2017_2025
Gangcheon Weir,2019,9,9,9,9,1,79867,79857,10,100,False,False,2017_2025_and_2019_2025_sensitivity
Gangcheon Weir,2020,12,12,12,12,1,102022,101977,10,65,False,False,2017_2025_and_2019_2025_sensitivity
Gangcheon Weir,2021,8,8,8,8,1,65463,65449,20,70,False,False,2017_2025_and_2019_2025_sensitivity
Gangcheon Weir,2022,8,8,8,8,1,72480,72480,10,105,False,False,2017_2025_and_2019_2025_sensitivity
Gangcheon Weir,2023,7,7,7,7,1,63420,63420,17.5,35,False,False,2017_2025_and_2019_2025_sensitivity
Gangcheon Weir,2024,11,11,11,11,1,99431,99431,10,55,False,False,2017_2025_and_2019_2025_sensitivity
Gangcheon Weir,2025,9,9,9,9,1,74800,74800,17.5,48,False,False,2017_2025_and_2019_2025_sensitivity
Sangju Weir,2017,3,3,3,3,1,22599,22599,90,95,True,False,2017_2025
Sangju Weir,2018,6,6,6,6,1,45198,45198,22,72,True,False,2017_2025
Sangju Weir,2019,21,21,21,21,1,151775,150605,6,35,False,False,2017_2025_and_2019_2025_sensitivity
Sangju Weir,2020,22,22,22,22,1,154090,154030,5,30,False,False,2017_2025_and_2019_2025_sensitivity
Sangju Weir,2021,20,21,21,21,1,136160,135274,7,37,False,False,2017_2025_and_2019_2025_sensitivity
Sangju Weir,2022,18,18,18,18,1,135594,135594,5,52,False,False,2017_2025_and_2019_2025_sensitivity
Sangju Weir,2023,19,19,19,19,1,143127,143127,6,43,False,False,2017_2025_and_2019_2025_sensitivity
Sangju Weir,2024,23,24,24,24,1,180018,180018,5,55,False,False,2017_2025_and_2019_2025_sensitivity
Sangju Weir,2025,17,19,19,19,1,133280,133280,5,31,False,False,2017_2025_and_2019_2025_sensitivity
Nakdan Weir,2017,3,3,3,3,1,21561,21561,90,95,True,False,2017_2025
Nakdan Weir,2018,6,6,6,6,1,43122,43122,22,72,True,False,2017_2025
Nakdan Weir,2019,21,21,21,21,1,144994,142536,6,35,False,False,2017_2025_and_2019_2025_sensitivity
Nakdan Weir,2020,22,22,22,22,1,148292,148270,5,30,False,False,2017_2025_and_2019_2025_sensitivity
Nakdan Weir,2021,20,21,21,21,1,134702,132671,7,37,False,False,2017_2025_and_2019_2025_sensitivity
Nakdan Weir,2022,18,18,18,18,1,129366,129366,5,52,False,False,2017_2025_and_2019_2025_sensitivity
Nakdan Weir,2023,19,19,19,19,1,136553,136552,6,43,False,False,2017_2025_and_2019_2025_sensitivity
Nakdan Weir,2024,23,24,24,24,1,165815,165815,5,55,False,False,2017_2025_and_2019_2025_sensitivity
Nakdan Weir,2025,17,19,19,19,1,125557,125557,5,31,False,False,2017_2025_and_2019_2025_sensitivity
Gumi Weir,2017,3,3,3,3,1,3924,3924,90,95,True,False,2017_2025
Gumi Weir,2018,6,6,6,6,1,7848,7848,22,72,True,False,2017_2025
Gumi Weir,2019,21,21,21,21,1,25573,25573,6,35,False,False,2017_2025_and_2019_2025_sensitivity
Gumi Weir,2020,22,22,22,22,1,28096,28096,5,30,False,False,2017_2025_and_2019_2025_sensitivity
Gumi Weir,2021,20,21,21,21,1,22926,22919,7,37,False,False,2017_2025_and_2019_2025_sensitivity
Gumi Weir,2022,18,18,18,18,1,23544,23544,5,52,False,False,2017_2025_and_2019_2025_sensitivity
Gumi Weir,2023,19,19,19,19,1,24852,24852,6,43,False,False,2017_2025_and_2019_2025_sensitivity
Gumi Weir,2024,23,23,23,23,1,28788,28788,5,55,False,False,2017_2025_and_2019_2025_sensitivity
Gumi Weir,2025,17,19,19,19,1,24749,24749,5,31,False,False,2017_2025_and_2019_2025_sensitivity
Chilgok Weir,2017,5,5,5,5,1,36414,36414,41,85,True,False,2017_2025
Chilgok Weir,2018,5,5,5,5,1,39733,39733,3,10,True,False,2017_2025
Chilgok Weir,2019,20,20,20,20,1,149305,149297,5,28,False,False,2017_2025_and_2019_2025_sensitivity
Chilgok Weir,2020,21,21,21,21,1,162696,161943,6,35,False,False,2017_2025_and_2019_2025_sensitivity
Chilgok Weir,2021,16,16,16,16,1,119867,119622,7,37,False,False,2017_2025_and_2019_2025_sensitivity
Chilgok Weir,2022,22,22,22,22,1,184513,184513,5,52,False,False,2017_2025_and_2019_2025_sensitivity
Chilgok Weir,2023,18,18,18,18,1,150966,150966,5,43,False,False,2017_2025_and_2019_2025_sensitivity
Chilgok Weir,2024,21,21,21,21,1,165342,165342,7,25,False,False,2017_2025_and_2019_2025_sensitivity
Chilgok Weir,2025,19,20,20,20,1,167012,167012,3.5,33,False,False,2017_2025_and_2019_2025_sensitivity
Gangjeong-Goryeong Weir,2017,5,5,5,5,1,46299,46299,41,85,True,False,2017_2025
Gangjeong-Goryeong Weir,2018,5,5,5,5,1,46355,46355,3,10,True,False,2017_2025
Gangjeong-Goryeong Weir,2019,20,20,20,20,1,178351,177333,7,28,False,False,2017_2025_and_2019_2025_sensitivity
Gangjeong-Goryeong Weir,2020,21,21,21,21,1,179342,179338,6,35,False,False,2017_2025_and_2019_2025_sensitivity
Gangjeong-Goryeong Weir,2021,16,16,16,16,1,123607,123597,7,37,False,False,2017_2025_and_2019_2025_sensitivity
Gangjeong-Goryeong Weir,2022,22,22,22,22,1,203454,203454,5,52,False,False,2017_2025_and_2019_2025_sensitivity
Gangjeong-Goryeong Weir,2023,18,18,18,18,1,166459,166459,5,43,False,False,2017_2025_and_2019_2025_sensitivity
Gangjeong-Goryeong Weir,2024,21,21,21,21,1,181255,181255,7,25,False,False,2017_2025_and_2019_2025_sensitivity
Gangjeong-Goryeong Weir,2025,20,21,21,21,1,180761,180761,3,33,False,False,2017_2025_and_2019_2025_sensitivity
Dalseong Weir,2017,5,5,5,5,1,52329,52329,41,85,True,False,2017_2025
Dalseong Weir,2018,5,5,5,5,1,52565,52565,3,10,True,False,2017_2025
Dalseong Weir,2019,21,22,22,22,1,207380,206118,5,28,False,False,2017_2025_and_2019_2025_sensitivity
Dalseong Weir,2020,21,22,22,22,1,211313,211311,6,35,False,False,2017_2025_and_2019_2025_sensitivity
Dalseong Weir,2021,17,17,17,17,1,140762,140749,7.5,37,False,False,2017_2025_and_2019_2025_sensitivity
Dalseong Weir,2022,22,22,22,22,1,231286,231286,5,52,False,False,2017_2025_and_2019_2025_sensitivity
Dalseong Weir,2023,18,18,18,18,1,189234,189234,5,43,False,False,2017_2025_and_2019_2025_sensitivity
Dalseong Weir,2024,21,21,21,21,1,208820,208820,7,25,False,False,2017_2025_and_2019_2025_sensitivity
Dalseong Weir,2025,19,20,20,20,1,198039,198039,3.5,33,False,False,2017_2025_and_2019_2025_sensitivity
Hapcheon-Changnyeong Weir,2017,5,5,5,5,1,40520,40520,41,85,True,False,2017_2025
Hapcheon-Changnyeong Weir,2018,5,5,5,5,1,43251,43251,3,10,True,False,2017_2025
Hapcheon-Changnyeong Weir,2019,21,21,21,21,1,182717,181266,5,28,False,False,2017_2025_and_2019_2025_sensitivity
Hapcheon-Changnyeong Weir,2020,21,21,21,21,1,180753,180719,6,35,False,False,2017_2025_and_2019_2025_sensitivity
Hapcheon-Changnyeong Weir,2021,17,17,17,17,1,153315,152639,7.5,37,False,False,2017_2025_and_2019_2025_sensitivity
Hapcheon-Changnyeong Weir,2022,22,23,23,23,1,205091,205091,5,52,False,False,2017_2025_and_2019_2025_sensitivity
Hapcheon-Changnyeong Weir,2023,18,23,23,23,1,193614,193614,5,43,False,False,2017_2025_and_2019_2025_sensitivity
Hapcheon-Changnyeong Weir,2024,21,21,21,21,1,185888,185888,7,25,False,False,2017_2025_and_2019_2025_sensitivity
Hapcheon-Changnyeong Weir,2025,20,21,21,21,1,182029,182029,3,33,False,False,2017_2025_and_2019_2025_sensitivity
Changnyeong-Haman Weir,2017,1,1,1,1,1,7145,7145,,,True,False,2017_2025
Changnyeong-Haman Weir,2018,2,2,2,2,1,14290,14290,5,5,True,False,2017_2025
Changnyeong-Haman Weir,2019,10,10,10,10,1,71333,70363,25,45,False,False,2017_2025_and_2019_2025_sensitivity
Changnyeong-Haman Weir,2020,8,8,8,8,1,56657,56654,15,95,False,False,2017_2025_and_2019_2025_sensitivity
Changnyeong-Haman Weir,2021,9,9,9,9,1,59131,57499,15,50,False,False,2017_2025_and_2019_2025_sensitivity
Changnyeong-Haman Weir,2022,10,10,10,10,1,71450,71450,10,65,False,False,2017_2025_and_2019_2025_sensitivity
Changnyeong-Haman Weir,2023,8,8,8,8,1,57160,57160,5,100,False,False,2017_2025_and_2019_2025_sensitivity
Changnyeong-Haman Weir,2024,11,11,11,11,1,76432,76432,7.5,80,False,False,2017_2025_and_2019_2025_sensitivity
Changnyeong-Haman Weir,2025,11,11,11,11,1,67182,67182,6.5,25,False,False,2017_2025_and_2019_2025_sensitivity
Sejong Weir,2017,2,2,2,2,1,362,362,180,180,True,False,2017_2025
Sejong Weir,2018,4,4,4,4,1,724,724,60,80,True,False,2017_2025
Sejong Weir,2019,14,14,14,14,1,2469,2469,15,35,False,False,2017_2025_and_2019_2025_sensitivity
Sejong Weir,2020,15,15,15,15,1,2409,2409,10,30,False,False,2017_2025_and_2019_2025_sensitivity
Sejong Weir,2021,12,13,13,13,1,1936,1934,10,35,False,False,2017_2025_and_2019_2025_sensitivity
Sejong Weir,2022,12,12,12,12,1,2172,2172,5,80,False,False,2017_2025_and_2019_2025_sensitivity
Sejong Weir,2023,8,8,8,8,1,1448,1448,15,35,False,False,2017_2025_and_2019_2025_sensitivity
Sejong Weir,2024,9,9,9,9,1,1528,1528,10,65,False,False,2017_2025_and_2019_2025_sensitivity
Sejong Weir,2025,7,7,7,7,1,1240,1240,20,55,False,False,2017_2025_and_2019_2025_sensitivity
Gongju Weir,2017,2,2,2,2,1,876,876,180,180,True,False,2017_2025
Gongju Weir,2018,4,4,4,4,1,1752,1752,60,80,True,False,2017_2025
Gongju Weir,2019,14,14,14,14,1,5723,5723,15,35,False,False,2017_2025_and_2019_2025_sensitivity
Gongju Weir,2020,15,15,15,15,1,5992,5992,10,30,False,False,2017_2025_and_2019_2025_sensitivity
Gongju Weir,2021,13,13,13,13,1,5236,5228,10,35,False,False,2017_2025_and_2019_2025_sensitivity
Gongju Weir,2022,12,12,12,12,1,5256,5256,5,80,False,False,2017_2025_and_2019_2025_sensitivity
Gongju Weir,2023,8,8,8,8,1,3504,3504,15,35,False,False,2017_2025_and_2019_2025_sensitivity
Gongju Weir,2024,9,9,9,9,1,3918,3918,10,65,False,False,2017_2025_and_2019_2025_sensitivity
Gongju Weir,2025,7,7,7,7,1,3065,3065,20,55,False,False,2017_2025_and_2019_2025_sensitivity
Baekje Weir,2017,3,5,5,5,2,27701,27701,90,145,True,False,2017_2025
Baekje Weir,2018,5,7,7,7,2,48721,48721,40,60,True,False,2017_2025
Baekje Weir,2019,16,27,27,27,2,165449,165444,10,30,False,False,2017_2025_and_2019_2025_sensitivity
Baekje Weir,2020,17,27,27,27,2,178060,178060,7.5,30,False,False,2017_2025_and_2019_2025_sensitivity
Baekje Weir,2021,15,26,26,26,2,147228,147074,7.5,35,False,False,2017_2025_and_2019_2025_sensitivity
Baekje Weir,2022,18,29,29,29,2,163979,163979,5,45,False,False,2017_2025_and_2019_2025_sensitivity
Baekje Weir,2023,9,15,15,15,2,99669,99669,15,35,False,False,2017_2025_and_2019_2025_sensitivity
Baekje Weir,2024,13,22,22,22,2,117821,117821,7.5,55,False,False,2017_2025_and_2019_2025_sensitivity
Baekje Weir,2025,12,17,17,17,2,91262,91262,10,40,False,False,2017_2025_and_2019_2025_sensitivity
Seungchon Weir,2017,3,5,5,5,2,7155,7155,90,95,True,False,2017_2025
Seungchon Weir,2018,4,4,4,4,1,5681,5681,10,15,True,False,2017_2025
Seungchon Weir,2019,10,17,17,17,2,23629,23628,10,70,False,False,2017_2025_and_2019_2025_sensitivity
Seungchon Weir,2020,11,19,19,19,2,21495,21494,12.5,40,False,False,2017_2025_and_2019_2025_sensitivity
Seungchon Weir,2021,17,29,29,29,2,35405,35373,10,30,False,False,2017_2025_and_2019_2025_sensitivity
Seungchon Weir,2022,12,21,21,21,2,30051,30051,15,70,False,False,2017_2025_and_2019_2025_sensitivity
Seungchon Weir,2023,9,15,15,15,2,21465,21465,17.5,60,False,False,2017_2025_and_2019_2025_sensitivity
Seungchon Weir,2024,16,28,28,28,2,36694,36694,5,45,False,False,2017_2025_and_2019_2025_sensitivity
Seungchon Weir,2025,16,25,25,25,2,32492,32492,5,27,False,False,2017_2025_and_2019_2025_sensitivity
Juksan Weir,2017,2,2,2,2,1,2286,2286,180,180,True,False,2017_2025
Juksan Weir,2018,0,0,0,0,0,0,0,,,True,False,2017_2025
Juksan Weir,2019,8,8,8,8,1,8723,8723,20,70,False,False,2017_2025_and_2019_2025_sensitivity
Juksan Weir,2020,9,9,9,9,1,9067,9067,7.5,50,False,False,2017_2025_and_2019_2025_sensitivity
Juksan Weir,2021,16,16,16,16,1,16404,16392,10,30,False,False,2017_2025_and_2019_2025_sensitivity
Juksan Weir,2022,11,11,11,11,1,12573,12573,15,70,False,False,2017_2025_and_2019_2025_sensitivity
Juksan Weir,2023,8,8,8,8,1,9144,9144,20,60,False,False,2017_2025_and_2019_2025_sensitivity
Juksan Weir,2024,14,15,15,15,1,16906,16906,5,45,False,False,2017_2025_and_2019_2025_sensitivity
Juksan Weir,2025,13,13,13,13,1,14148,14148,6,27,False,False,2017_2025_and_2019_2025_sensitivity
