weir_name,weir_code,year,river,season_scope,tau_days,tau_robustness_flag,harmful_cyanobacteria_total_log1p_mean,chlorophyll_a_log1p_mean,harmful_cyanobacteria_total_n,chlorophyll_a_n,storage_mcm,discharge_cms,n_days_positive_pair,water_level_m,rainfall_mm,inflow_cms,n_days_window,tau_days_recomputed,water_temp_c,n_temp_obs,log_storage,log_discharge,log1p_tau
강정고령보,2011602,2017,낙동강,annual_all_samples,7.77285,robust_candidate_no_low_flow_flag,8.523615660393823,2.597447209479534,51,51,81.38502191780822,121.18544657534247,365,18.802191780821918,843.0714,120.57435342465755,365,7.772849783667948,15.331372549019607,51,4.399191250153596,4.797321988664102,2.1716617250860213
강정고령보,2011602,2018,낙동강,annual_all_samples,4.9709,robust_candidate_no_low_flow_flag,8.793846188335495,2.9658331960340756,46,46,75.37210136986302,175.49373698630137,365,18.416986301369864,1172.3682,175.47996712328768,365,4.97090266213608,16.330434782608698,46,4.322437198186673,5.167603355581394,1.7868976698111474
강정고령보,2011602,2019,낙동강,annual_all_samples,6.71121,contains_near_zero_or_nonpositive_discharge,9.018954659559778,2.8565851421438326,50,50,75.15058839779006,129.60373756906077,362,18.401753424657535,929.4862,128.64129589041096,365,6.711214453694224,16.322,50,4.31949394581291,4.864481622769775,2.0426751143018027
강정고령보,2011602,2020,낙동강,annual_all_samples,3.01295,robust_candidate_no_low_flow_flag,7.68634032029254,2.9615843861214293,49,49,76.82657923497267,295.1246229508196,366,18.516448087431694,1291.3931,295.13853005464483,366,3.01295266397163,15.393877551020408,49,4.341550664069152,5.687397717813399,1.389526631700556
강정고령보,2011602,2021,낙동강,annual_all_samples,5.12046,robust_candidate_no_low_flow_flag,8.542556310873946,3.0208313076090096,48,48,77.10773780821918,174.29100547945205,365,18.529780821917807,1077.1124,174.22595068493152,365,5.120463139343274,17.704166666666666,48,4.34520363621078,5.160726347519486,1.8116372570983008
강정고령보,2011602,2022,낙동강,annual_all_samples,8.53453,robust_candidate_no_low_flow_flag,9.48604632868245,2.910083604020297,48,48,76.19306739726028,103.32897808219177,365,18.473155890410958,759.2139,103.42657260273972,365,8.53452944521856,16.947916666666668,48,4.3332704795151775,4.637917860331155,2.254919945755684
강정고령보,2011602,2023,낙동강,annual_all_samples,2.77411,mean_daily_tau_sensitive_to_low_flow,8.001424816802757,2.723075640578455,48,48,74.62901041095891,311.365898630137,365,18.368389534246578,1621.1123,311.31032602739725,365,2.774104994706959,16.652083333333334,48,4.312529311119149,5.740968743544993,1.3281645933154516
강정고령보,2011602,2024,낙동강,annual_all_samples,3.75312,robust_candidate_no_low_flow_flag,10.217948295539738,3.23536655326929,51,51,74.77610601092897,230.59866393442624,366,18.377179508196722,1112.62,230.59866666666665,366,3.7531188393503165,17.37450980392157,51,4.314498395592567,5.440678813951853,1.5588012445254538
강정고령보,2011602,2025,낙동강,annual_all_samples,5.60647,robust_candidate_no_low_flow_flag,9.355232293605455,2.9824740385892827,41,41,74.70333835616438,154.21860547945204,365,18.37145397260274,1022.8649,154.21653698630138,365,5.606469913450663,19.087804878048782,41,4.313524781316425,5.038371111953428,1.8880494718794583
강천보,1007601,2017,한강(남한강),annual_all_samples,0.606912,robust_candidate_no_low_flow_flag,0.0,2.036983034384123,43,43,9.092654794520548,173.40094794520547,365,38.079945205479454,1146.0813,173.3650684931507,365,0.6069116770631555,14.5,43,2.2074669221520806,5.155606531143525,0.4743143248328201
강천보,1007601,2018,한강(남한강),annual_all_samples,0.53727,robust_candidate_no_low_flow_flag,2.941000580363408,2.33750031512935,46,47,9.239175342465753,199.03374794520548,365,38.112849315068495,1285.8635,199.03374794520548,365,0.5372701911160152,14.574468085106384,47,2.2234526330198023,5.2934743980104795,0.43000811601237793
강천보,1007601,2019,한강(남한강),annual_all_samples,0.917014,robust_candidate_no_low_flow_flag,3.0008213430614625,2.272756866706,49,49,9.135257534246575,115.30047397260275,365,38.08994520547945,841.2442,115.31051232876712,365,0.9170139874033544,14.610204081632652,49,2.212141381468332,4.747541538043691,0.6507687671145657
강천보,1007601,2020,한강(남한강),annual_all_samples,0.346453,robust_candidate_no_low_flow_flag,0.0,1.876294883821999,41,41,9.508796721311475,317.6639836065574,366,38.16647540983607,1504.8938,317.65252732240435,366,0.34645261435769475,12.51951219512195,41,2.2522173408244908,5.760994168801076,0.2974737273502489
강천보,1007601,2021,한강(남한강),annual_all_samples,0.68242,robust_candidate_no_low_flow_flag,0.0,2.1610215286722587,40,40,9.119923287671233,154.67692602739726,365,38.0732602739726,1091.2539,154.61709589041095,365,0.6824202574512217,13.944999999999999,40,2.2104613926113057,5.04133859343196,0.5202332331150568
강천보,1007601,2022,한강(남한강),annual_all_samples,0.383628,robust_candidate_no_low_flow_flag,0.0,1.9164899926641736,34,34,8.909932602739726,268.8133232876712,365,38.00126904109589,1357.4177,268.8780794520548,365,0.38362763674759737,14.382352941176471,34,2.1871666772273666,5.594017173222999,0.3247090349388449
강천보,1007601,2023,한강(남한강),annual_all_samples,0.367188,robust_candidate_no_low_flow_flag,0.0,2.295056826573254,28,28,9.57580602739726,301.8378191780822,365,38.18065561643836,1526.9082,301.8414931506849,365,0.36718754655019326,13.764285714285714,28,2.2592397119307623,5.709889850537462,0.31275607571811576
강천보,1007601,2024,한강(남한강),annual_all_samples,0.423615,robust_candidate_no_low_flow_flag,0.0,2.040456094966882,34,34,9.516809016393442,260.0194316939891,366,38.174284426229505,1411.7061,260.02658469945357,366,0.4236154651479459,14.25,34,2.253059605261807,5.56075636550741,0.3531994112659935
강천보,1007601,2025,한강(남한강),annual_all_samples,0.567365,robust_candidate_no_low_flow_flag,0.0,2.0794415416798357,27,27,9.45714301369863,192.92291232876713,365,38.16110109589041,1155.3647,192.92001643835616,365,0.5673648217746639,15.977777777777776,27,2.2467703304418847,5.262290691130612,0.4493958654141056
공주보,3012601,2017,금강,annual_all_samples,1.7962,contains_near_zero_or_nonpositive_discharge,7.0963437075578595,4.091533597616451,57,57,14.87122038567493,95.82463360881542,363,8.595945205479453,1176.3188,95.29256712328767,365,1.7962041683178194,16.58421052631579,57,2.6994278274255907,4.562519787714466,1.0282613525715871
공주보,3012601,2018,금강,annual_all_samples,0.459468,robust_candidate_no_low_flow_flag,7.537903493422009,4.0648712501533275,54,54,4.46972904109589,112.59319452054794,365,5.135397260273972,1174.4284,112.20726301369862,365,0.4594680454087551,17.038888888888888,54,1.4973277895836816,4.723781274452304,0.37807198575477974
공주보,3012601,2019,금강,annual_all_samples,0.490024,robust_candidate_no_low_flow_flag,5.552959584921617,4.240006937153295,60,60,2.8356547945205475,66.97647397260275,365,4.399041095890412,894.8681,66.97668219178082,365,0.4900239844472766,16.258333333333333,60,1.0422728785955429,4.204341422991456,0.39879222721019564
공주보,3012601,2020,금강,annual_all_samples,0.133039,robust_candidate_no_low_flow_flag,6.041234623163763,3.2339769135799017,51,51,3.439185792349727,299.20022950819674,366,4.505218579234973,1466.2426,299.1876338797814,366,0.133039306756509,14.862745098039216,51,1.2352347550997895,5.701113013172878,0.12490340334224045
공주보,3012601,2021,금강,annual_all_samples,0.298743,robust_candidate_no_low_flow_flag,5.8057371971791945,3.853079469794196,50,50,2.6726868493150686,103.5467095890411,365,4.128164383561644,1049.3222,103.54506027397261,365,0.29874320191870346,16.25,50,0.9830842770259637,4.640022811277246,0.26139687361889247
공주보,3012601,2022,금강,annual_all_samples,0.375461,robust_candidate_no_low_flow_flag,6.078744317564042,3.6013084800196085,52,52,3.1619934246575343,97.47246849315069,365,4.26631205479452,1117.4711,97.47245753424657,365,0.37546136549617715,15.819230769230769,52,1.1512026592966722,4.579569963699412,0.31878894765446575
공주보,3012601,2023,금강,annual_all_samples,0.306231,robust_candidate_no_low_flow_flag,6.537400566071905,3.7716843010130536,47,47,6.014826575342466,227.33177534246576,365,5.335394520547945,1717.0305,227.3468082191781,365,0.3062310502825632,16.1,47,1.794227516981476,5.426410515819606,0.26714589117065246
공주보,3012601,2024,금강,annual_all_samples,0.254768,robust_candidate_no_low_flow_flag,6.373490423482384,3.5642794858806064,50,50,4.024842349726776,182.84796721311474,366,4.6472091092896175,1359.1892,182.82960655737705,366,0.2547680688072032,15.864,50,1.3924857423337045,5.2086550272960475,0.2269506949371593
공주보,3012601,2025,금강,annual_all_samples,0.199501,robust_candidate_no_low_flow_flag,5.769277171165427,3.6637186196799254,49,49,2.2303320547945207,129.39289863013698,365,3.6956717808219177,1204.0451,129.39363287671233,365,0.19950112166326614,16.575510204081635,49,0.8021504778823031,4.862853501350194,0.181905636977965
구미보,2009602,2017,낙동강,annual_all_samples,5.73241,robust_candidate_no_low_flow_flag,8.170898471768975,2.8397799717801044,50,50,53.05650684931507,107.12427397260274,365,32.552,902.7984,107.11296164383562,365,5.732407022358381,17.65,50,3.9713575125679808,4.673989599509706,1.9069331776231766
구미보,2009602,2018,낙동강,annual_all_samples,4.21905,robust_candidate_no_low_flow_flag,7.236257527770702,3.0272749847455898,44,44,52.95095068493151,145.25983013698632,365,32.5353698630137,1088.8363,145.26700273972602,365,4.2190482044629185,17.75,44,3.9693660262758788,4.978524070805084,1.6523153929947676
구미보,2009602,2019,낙동강,annual_all_samples,6.0433,contains_near_zero_or_nonpositive_discharge,8.07699926646598,2.9113049675626304,52,52,50.8136,97.31770684931507,365,32.21430136986301,880.337,97.32595616438357,365,6.043302800804842,17.31153846153846,52,3.9281640352901923,4.577980954642592,1.95207681034099
구미보,2009602,2020,낙동강,annual_all_samples,2.43703,robust_candidate_no_low_flow_flag,7.517566139432549,2.990405612048266,48,48,52.58088169398907,249.72019398907105,366,32.489371584699455,1263.1022,249.25933879781422,366,2.4370276583758748,16.016666666666666,48,3.9623525877801824,5.520341067019571,1.2346077263719368
구미보,2009602,2021,낙동강,annual_all_samples,4.02441,contains_near_zero_or_nonpositive_discharge,7.368747069145172,3.1889319484951284,48,48,49.73805494505494,143.04502472527474,364,32.09309589041096,1084.2617,142.6660191780822,365,4.024410728999763,17.14375,48,3.9067703331686605,4.963159438921165,1.6143080341163778
구미보,2009602,2022,낙동강,annual_all_samples,6.07384,contains_near_zero_or_nonpositive_discharge,8.95419716100996,2.976889185752511,45,45,50.08793287671233,95.44563287671234,365,32.1425701369863,784.9813,95.43918904109589,365,6.0738393979863705,17.593333333333334,45,3.9137801183349468,4.558556796130948,1.956403472489612
구미보,2009602,2023,낙동강,annual_all_samples,2.30689,contains_near_zero_or_nonpositive_discharge,6.46302945692067,2.768712170493858,42,42,51.93911181318681,260.5877087912088,364,32.39352739726028,1636.7805,260.3300328767123,365,2.306889800198129,17.795238095238094,42,3.9500721058416994,5.562939498540867,1.1960081706705075
구미보,2009602,2024,낙동강,annual_all_samples,3.65501,robust_candidate_no_low_flow_flag,8.063731978789813,3.3270573577127287,48,48,53.44431038251366,169.23862841530052,366,32.60924972677596,1125.1167,169.2298087431694,366,3.6550072108070553,16.54583333333333,48,3.9786401843311006,5.131309721442404,1.537944058954435
구미보,2009602,2025,낙동강,annual_all_samples,5.5383,robust_candidate_no_low_flow_flag,8.017221152241659,2.8604306074365806,42,42,53.36462438356164,111.52266849315068,365,32.59700273972603,1005.2229,111.5288904109589,365,5.53830108170713,18.60952380952381,42,3.9771480617121235,4.714227875107845,1.8776771928412315
낙단보,2009601,2017,낙동강,annual_all_samples,3.73901,robust_candidate_no_low_flow_flag,7.948414720684792,2.8810693652338513,48,48,33.791898630136984,104.6025698630137,365,39.84980821917808,909.1625,104.59514520547945,365,3.7390088824873104,17.068749999999998,48,3.5202210882609073,4.650168119809077,1.5558282531330454
낙단보,2009601,2018,낙동강,annual_all_samples,2.66331,robust_candidate_no_low_flow_flag,8.441663473274541,2.923512150398469,46,46,33.56409205479452,145.86123158295283,365,39.81030136986301,1130.8954,145.83704592846271,365,2.6633073329721886,18.419565217391302,46,3.5134568066686587,4.982655701116716,1.2983671103003838
낙단보,2009601,2019,낙동강,annual_all_samples,3.97859,contains_near_zero_or_nonpositive_discharge,8.285230251125595,2.9787521897437945,49,49,33.44434065934066,97.29268956043956,364,39.781068493150684,882.6533000000001,97.04287123287672,365,3.9785854199180326,17.475510204081633,49,3.509882584198758,4.577723853383103,1.605146718416859
낙단보,2009601,2020,낙동강,annual_all_samples,1.95107,robust_candidate_no_low_flow_flag,6.903600827854918,2.969238560789379,48,48,33.583284972677596,199.2217732240437,366,39.81379781420765,1264.2473,199.19766393442623,366,1.9510690103505128,16.33125,48,3.5140284721381203,5.294418642510877,1.0821678164520887
낙단보,2009601,2021,낙동강,annual_all_samples,3.23805,robust_candidate_no_low_flow_flag,7.454180557285249,3.3006233721827316,44,44,33.48996465753425,119.70650136986302,365,39.797835616438356,1087.1286,119.73253698630135,365,3.2380474514645634,18.677272727272726,44,3.5112458314915598,4.7850429249558415,1.4441032577944442
낙단보,2009601,2022,낙동강,annual_all_samples,5.11141,robust_candidate_no_low_flow_flag,8.581605284107525,3.052177048976223,44,44,33.35948301369863,75.5379205479452,365,39.775472602739725,787.7818,75.53048219178082,365,5.1114079481218475,17.956818181818182,44,3.5073420801791753,4.32463478907837,1.81015751579115
낙단보,2009601,2023,낙동강,annual_all_samples,1.69665,robust_candidate_no_low_flow_flag,6.787487451468736,2.863036768411964,41,41,33.65246602739726,229.56837808219177,365,39.825454794520546,1644.1181000000001,229.57953424657535,365,1.6966454083537015,19.48292682926829,41,3.5160863380235967,5.43620092883744,0.9920102619134757
낙단보,2009601,2024,낙동강,annual_all_samples,2.57419,robust_candidate_no_low_flow_flag,8.423575800258634,3.293529679746865,45,45,33.58016803278689,150.98329781420765,366,39.81308169398907,1127.9106,150.97031147540983,366,2.574187727106041,18.011111111111113,45,3.5139356555912196,5.017169220195195,1.273738577047761
낙단보,2009601,2025,낙동강,annual_all_samples,4.34698,robust_candidate_no_low_flow_flag,8.931747030326784,3.0726933146901194,42,42,33.52630602739726,89.26555342465754,365,39.803869315068496,1006.7664,89.28787671232877,365,4.34698418935681,19.861904761904764,42,3.5123303852291468,4.491615673540223,1.6765319155444132
달성보,2014601,2017,낙동강,annual_all_samples,4.86945,contains_near_zero_or_nonpositive_discharge,9.761254601398548,3.0517974974869397,60,60,54.03697802197802,128.43912637362635,364,13.553287671232876,796.1062,127.92019178082192,365,4.869450641902774,17.513333333333332,60,3.989668590395452,4.855455067373409,1.7697609326869863
달성보,2014601,2018,낙동강,annual_all_samples,3.15117,robust_candidate_no_low_flow_flag,9.519781361275683,3.165993087005585,57,57,53.076923287671235,194.94841369863013,365,13.477068493150686,1179.3194,194.65558356164382,365,3.151173328884444,17.249122807017546,57,3.971742244100386,5.27273497843028,1.4233902222193011
달성보,2014601,2019,낙동강,annual_all_samples,3.47368,contains_near_zero_or_nonpositive_discharge,9.412905140317854,3.1238989228539964,66,66,51.79669187675071,172.5830280112045,357,13.276328767123287,940.2026999999999,169.1628520547945,365,3.4736831047754166,18.937878787878788,66,3.9473262838428935,5.150878442477315,1.4982113361469624
달성보,2014601,2020,낙동강,annual_all_samples,1.85296,robust_candidate_no_low_flow_flag,7.656393929246769,3.15136756508544,50,50,56.14277459016393,350.68231147540985,366,13.77103825136612,1282.9966,350.6521174863388,366,1.852960958015602,16.188,50,4.027897992408662,5.859880718107951,1.0483570518035994
달성보,2014601,2021,낙동강,annual_all_samples,3.18663,robust_candidate_no_low_flow_flag,8.266472872331793,3.219675505038765,50,50,55.41879863013698,201.2850328767123,365,13.704383561643837,1068.9788,201.2648493150685,365,3.186631769259628,17.4,50,4.014918861649113,5.3047219775551575,1.4318961143718083
달성보,2014601,2022,낙동강,annual_all_samples,5.24582,robust_candidate_no_low_flow_flag,9.560723966816036,3.0158289752531133,50,50,54.886407671232874,121.09815342465754,365,13.653539726027399,732.711,121.12843561643835,365,5.245821922808343,16.8,50,4.005265734459703,4.796601402091489,1.8319124400018234
달성보,2014601,2023,낙동강,annual_all_samples,1.73363,robust_candidate_no_low_flow_flag,8.35994661312588,2.984558972955866,45,45,54.70419095890411,365.21715068493154,365,13.636316712328767,1573.7605,365.1642465753425,365,1.7336271232970126,16.26222222222222,45,4.0019403236576,5.90049211006316,1.0056303962977946
달성보,2014601,2024,낙동강,annual_all_samples,2.53845,robust_candidate_no_low_flow_flag,9.96101817718963,3.3190227734731397,48,48,54.84243633879781,250.05475136612023,366,13.648649180327869,1104.7762,250.08067759562843,366,2.538445748861461,16.602083333333333,48,4.004464280016518,5.521679899348531,1.2636887781526764
달성보,2014601,2025,낙동강,annual_all_samples,3.43566,robust_candidate_no_low_flow_flag,9.273517882131069,3.226573395138105,44,44,55.00336712328767,185.29560821917806,365,13.664331780821918,1034.0229,185.3057095890411,365,3.43566181371876,18.37727272727273,44,4.00739440378199,5.2219524320885755,1.4896764209240037
백제보,3012602,2017,금강,annual_all_samples,2.38669,robust_candidate_no_low_flow_flag,7.677025876525371,3.843288459234957,47,47,23.145312328767126,112.24162465753425,365,4.052739726027397,1135.431,112.23397534246575,365,2.386686402465119,16.46808510638298,47,3.141792268830168,4.720653910542745,1.2198530432222714
백제보,3012602,2018,금강,annual_all_samples,1.82184,robust_candidate_no_low_flow_flag,9.980206689888306,3.762291119762599,49,49,22.485582739726027,142.84974246575342,365,3.939013698630137,1337.8487,142.85631506849316,365,1.8218429780557872,18.738775510204082,49,3.1128743367080953,4.9617933258452895,1.037389154445519
백제보,3012602,2019,금강,annual_all_samples,2.81608,robust_candidate_no_low_flow_flag,5.2295030505476765,4.10656953184467,50,50,20.302772602739726,83.44429315068494,365,3.565917808219178,899.7503,83.44429863013698,365,2.816079867665131,17.112000000000002,50,3.0107574581370993,4.424179261318635,1.339223717726878
백제보,3012602,2020,금강,annual_all_samples,0.715196,robust_candidate_no_low_flow_flag,6.596053700686136,3.668319540148575,50,50,19.138869125683062,309.7257213114754,366,3.369344262295082,1460.1914,309.4405601092896,366,0.715196296958169,15.56,50,2.9517212999366818,5.735687135876241,0.5395273598020742
백제보,3012602,2021,금강,annual_all_samples,0.980027,robust_candidate_no_low_flow_flag,6.390776008536762,4.149967124274423,47,47,10.910491232876712,128.8523506849315,365,2.0243835616438357,1072.1480999999999,128.78158630136986,365,0.9800273960280832,17.51063829787234,47,2.3897248247595475,4.858667180509234,0.6831104809771059
백제보,3012602,2022,금강,annual_all_samples,1.37276,robust_candidate_no_low_flow_flag,6.695583921088838,3.840853854518599,46,46,13.871648493150685,116.9552,365,2.5860980821917807,1140.0014,117.0308191780822,365,1.3727605714773181,17.993478260869566,46,2.629847080411394,4.761790955487635,0.8640538345386015
백제보,3012602,2023,금강,annual_all_samples,0.73677,robust_candidate_no_low_flow_flag,6.901152130755542,3.855378823233527,43,43,16.449423013698627,258.4076219178082,365,3.0267383561643837,1757.6252,258.4126465753425,365,0.7367694459758741,17.15813953488372,43,2.8002904014411345,5.5545382680593764,0.5520270662867469
백제보,3012602,2024,금강,annual_all_samples,1.02414,robust_candidate_no_low_flow_flag,7.018328714345703,3.666696444935018,49,49,16.334134699453553,184.59701366120217,366,3.030883879781421,1370.5194999999999,184.59532786885245,366,1.0241362045777958,16.414285714285715,49,2.7932570714708063,5.218175144587963,0.705144918993562
백제보,3012602,2025,금강,annual_all_samples,1.368,robust_candidate_no_low_flow_flag,6.595126938583779,3.908364146045328,46,46,16.384916712328767,138.62550410958903,365,3.0457679452054798,1261.6194,138.62855068493153,365,1.3680039682749083,17.77608695652174,46,2.796361198972083,4.931776082162307,0.8620457170217593
상주보,2007601,2017,낙동강,annual_all_samples,3.61375,robust_candidate_no_low_flow_flag,6.999837112784872,2.903043654454618,44,44,27.562923287671236,88.27812602739726,365,47.04093150684931,999.038,88.2781205479452,365,3.613752694869409,16.71818181818182,44,3.3164715104649685,4.48049235356238,1.5290409753620713
상주보,2007601,2018,낙동강,annual_all_samples,2.9018,robust_candidate_no_low_flow_flag,8.62186742512484,2.978254847856874,43,43,26.974331506849314,107.58957534246575,365,46.92131506849315,1152.6714,107.59358356164384,365,2.901795178251598,18.58372093023256,43,3.294885728885288,4.678323759599848,1.361437985121024
상주보,2007601,2019,낙동강,annual_all_samples,4.02286,contains_near_zero_or_nonpositive_discharge,7.951746607594551,2.974334758078257,47,47,27.224253443526173,78.32624242424242,363,46.965780821917804,881.8274,77.89170958904108,365,4.0228602345057,17.17872340425532,47,3.304108246717649,4.36088269913495,1.613999492589715
상주보,2007601,2020,낙동강,annual_all_samples,1.66265,contains_near_zero_or_nonpositive_discharge,5.9039694941718,2.705209290100606,47,47,27.500940384615387,191.44001373626372,364,47.025000000000006,1283.4107000000001,190.28472404371584,366,1.6626509521501343,15.851063829787234,47,3.314220199892058,5.2545745153524335,0.9793218674767854
상주보,2007601,2021,낙동강,annual_all_samples,2.84595,robust_candidate_no_low_flow_flag,6.867465550190751,3.13848490842888,45,45,27.309336438356166,111.06327397260274,365,46.994109589041095,1093.9725,111.17542465753424,365,2.8459478236641544,17.464444444444442,45,3.307228637803249,4.710100074692864,1.3470206465620598
상주보,2007601,2022,낙동강,annual_all_samples,4.32164,robust_candidate_no_low_flow_flag,7.412423523397396,2.9021257698741176,39,39,27.73758602739726,74.28581095890411,365,47.08129753424657,837.8248,74.30185753424658,365,4.3216446205951735,19.394871794871793,39,3.322788389737355,4.307919963889176,1.6717815265246025
상주보,2007601,2023,낙동강,annual_all_samples,1.71982,robust_candidate_no_low_flow_flag,6.848419460448191,2.899677914477923,41,41,27.04551917808219,182.0110712328767,365,46.93957643835616,1693.1302,181.9977095890411,365,1.7198230866868947,18.851219512195122,41,3.2975213419622875,5.20406751617654,1.0005657016475584
상주보,2007601,2024,낙동강,annual_all_samples,2.76356,robust_candidate_no_low_flow_flag,6.864603444832519,2.950579104513555,47,47,27.51491557377049,115.23536065573771,366,47.0313912568306,1147.311,115.24069945355191,366,2.7635585915689806,16.365957446808512,47,3.314728242135962,4.746976651298848,1.3253653179719838
상주보,2007601,2025,낙동강,annual_all_samples,4.88116,robust_candidate_no_low_flow_flag,8.64640561160124,2.7466879938076243,44,44,27.94400684931507,66.26003835616439,365,47.12888136986302,1010.7361,66.26126027397261,365,4.881162360062482,18.563636363636363,44,3.3302027526131135,4.193586975745177,1.7717540213651748
세종보,3010601,2017,금강,annual_all_samples,0.643281,robust_candidate_no_low_flow_flag,6.080229786416113,3.797027746974084,54,54,4.939890410958904,88.87977808219178,365,11.47523287671233,1155.2944,88.74832328767123,365,0.6432808313424702,15.42962962962963,54,1.597343146937346,4.487284648503232,0.49669485303761446
세종보,3010601,2018,금강,annual_all_samples,0.127643,robust_candidate_no_low_flow_flag,7.2850976292666125,3.606879422774887,57,57,1.188087397260274,107.73039726027397,365,8.950082191780822,1282.251,107.71286575342467,365,0.12764281848086179,15.37719298245614,57,0.1723447849519572,4.67963178445406,0.12012961362083738
세종보,3010601,2019,금강,annual_all_samples,0.193909,robust_candidate_no_low_flow_flag,2.2207550747464135,3.6790545618215944,56,56,0.9808575342465753,58.545712328767124,365,8.522109589041097,879.7736,58.544616438356165,365,0.19390861099669834,15.1875,56,-0.019328054991924786,4.0698078564274045,0.17723279766058483
세종보,3010601,2020,금강,annual_all_samples,0.0739329,robust_candidate_no_low_flow_flag,5.760076317331322,2.9312460386311714,51,51,1.8009112021857925,281.92976229508196,366,9.032240437158471,1470.6105,281.929737704918,366,0.07393288131499892,14.529411764705882,51,0.5882927602508121,5.641657970039465,0.07132751741238863
세종보,3010601,2021,금강,annual_all_samples,0.13997,robust_candidate_no_low_flow_flag,5.63695811858655,3.369052231167589,51,51,1.0355832876712328,85.63189589041096,365,8.655041095890411,1043.4397,85.6311698630137,365,0.13997024773011232,15.617647058823529,51,0.03496483094273587,4.450057829285949,0.13100194627066394
세종보,3010601,2022,금강,annual_all_samples,0.138053,robust_candidate_no_low_flow_flag,6.031147431550167,3.23072838189892,52,52,1.0783049315068494,90.4031315068493,365,8.656185479452056,1104.0972,90.40302739726029,365,0.13805253140765464,15.207692307692307,52,0.07539030030436175,4.504278907360653,0.12931890755462735
세종보,3010601,2023,금강,annual_all_samples,0.0946669,robust_candidate_no_low_flow_flag,6.186865093431061,3.3631051095938607,47,47,1.652075890410959,201.9844794520548,365,9.022557534246575,1673.2952,201.98531780821918,365,0.09466692086184347,15.623404255319148,47,0.5020326125490686,5.308190860053523,0.09045011607673878
세종보,3010601,2024,금강,annual_all_samples,0.0968494,robust_candidate_no_low_flow_flag,6.018593214496234,3.3339536797658393,51,51,1.4210909836065573,169.82878961748634,366,9.198290437158471,1347.6906,169.8286912568306,366,0.09684937605283116,15.625490196078431,51,0.35142487493758023,5.134790809667117,0.09244188836839512
세종보,3010601,2025,금강,annual_all_samples,0.12354,robust_candidate_no_low_flow_flag,5.8334373155348,3.359311896666253,49,49,1.1593890410958905,108.61928219178083,365,8.988181643835617,1182.9609,108.61956438356165,365,0.12354026257162051,16.116326530612245,49,0.1478931776586146,4.687848944149776,0.11648441503573134
승촌보,5004601,2017,영산강,annual_all_samples,4.4117,contains_near_zero_or_nonpositive_discharge,7.267438194435174,3.845081599674264,56,56,8.447138121546962,22.16100276243094,362,7.109890410958904,967.4083,21.885446575342467,365,4.411704803289094,17.089285714285715,56,2.1338277001621613,3.0983341118675134,1.6885632763996052
승촌보,5004601,2018,영산강,annual_all_samples,1.67989,contains_near_zero_or_nonpositive_discharge,4.8661598797924155,4.084110554772895,56,55,4.428851648351649,30.51372802197802,364,4.004712328767123,1448.5708,30.455002739726027,365,1.6798949313629024,18.5625,56,1.4881403288622703,3.4181766814304058,0.9857757489042861
승촌보,5004601,2019,영산강,annual_all_samples,2.88546,contains_near_zero_or_nonpositive_discharge,5.194146619025799,4.063547791632902,56,56,6.215825966850828,24.93271270718232,362,5.524958904109589,1191.4922,24.72873424657534,365,2.885463407724594,16.853571428571428,56,1.8270986150625352,3.2161807045793562,1.3572413809288006
승촌보,5004601,2020,영산강,annual_all_samples,1.20277,contains_near_zero_or_nonpositive_discharge,3.345422093907158,4.070868529559612,51,51,6.679511845730028,64.27585950413223,363,5.8774043715847,1962.8909,63.87062295081967,366,1.2027713900296342,17.06470588235294,51,1.8990449078917786,4.1631841253555395,0.7897156592831245
승촌보,5004601,2021,영산강,annual_all_samples,2.6464,robust_candidate_no_low_flow_flag,5.056373185770109,4.3450513985489865,50,50,6.485016438356165,28.362276712328768,365,5.751123287671232,1204.8655,28.35820273972603,365,2.6464046377664516,17.714000000000002,50,1.869494352592668,3.3450599774378182,1.2937403795092828
승촌보,5004601,2022,영산강,annual_all_samples,4.93137,contains_near_zero_or_nonpositive_discharge,5.484712248729627,4.104429591351335,49,49,6.472655342465754,15.191526027397261,365,5.742711232876713,773.0854,15.190572602739726,365,4.931367148668539,18.597959183673467,49,1.8675864327365097,2.72073777419478,1.780255214994412
승촌보,5004601,2023,영산강,annual_all_samples,1.33429,robust_candidate_no_low_flow_flag,5.918588333510634,3.6528989403856063,44,44,6.9443095890410955,60.23731232876712,365,6.060999726027398,2039.5626,60.23965479452055,365,1.3342885077307955,18.009090909090908,44,1.9379225600394996,4.09829196643999,0.8477077763601703
승촌보,5004601,2024,영산강,annual_all_samples,2.35029,contains_near_zero_or_nonpositive_discharge,5.726017103151079,3.3789918697496653,51,51,6.7092076712328765,33.03971780821917,365,5.904777322404371,1325.4333,32.946658469945355,366,2.350288432120867,18.91764705882353,51,1.9034808622279118,3.49771040770284,1.2090469092544336
승촌보,5004601,2025,영산강,annual_all_samples,1.4027,contains_near_zero_or_nonpositive_discharge,6.077969843679565,3.6653914728067223,49,49,6.695139393939393,55.24334710743801,363,5.880365479452054,1890.7222,54.95053698630137,365,1.402703553262301,18.010204081632654,49,1.9013817995297349,4.01174791880246,0.8765931050156093
여주보,1007602,2017,한강(남한강),annual_all_samples,0.687588,robust_candidate_no_low_flow_flag,0.0,2.23848058618576,43,43,11.635164383561644,195.85296164383564,365,33.08468493150685,1155.2745,195.85158356164382,365,0.6875885527034583,14.762790697674417,43,2.4540319250224476,5.2773641819981965,0.5233002905530285
여주보,1007602,2018,한강(남한강),annual_all_samples,0.592571,robust_candidate_no_low_flow_flag,2.891553092941996,2.625423138339455,47,48,11.75912602739726,229.678901369863,365,33.11353424657534,1305.2268,229.68028493150686,365,0.5925707362571292,14.535416666666668,48,2.464629622310614,5.436682252493562,0.46534969145778604
여주보,1007602,2019,한강(남한강),annual_all_samples,1.09355,robust_candidate_no_low_flow_flag,3.4384050090827554,2.5056059658011502,51,51,11.6092301369863,122.87134246575343,365,33.07854794520548,841.9802999999999,122.87273698630136,365,1.093551082392568,14.580392156862745,51,2.4518004831740754,4.811137811723214,0.738861189640626
여주보,1007602,2020,한강(남한강),annual_all_samples,0.386433,robust_candidate_no_low_flow_flag,0.0,2.051305507311704,41,41,11.851618579234973,354.9686530054645,366,33.13437158469945,1503.9275,354.9659344262295,366,0.3864327460251158,12.873170731707315,41,2.4724644472186936,5.87202948418356,0.3267342617903372
여주보,1007602,2021,한강(남한강),annual_all_samples,0.773837,robust_candidate_no_low_flow_flag,0.4321333551903257,2.4276687415324925,37,37,11.86757397260274,177.50007671232876,365,33.138438356164386,1085.0157,177.51417534246576,365,0.7738373007075843,13.6,37,2.4738098046324826,5.178971041097511,0.5731449969150637
여주보,1007602,2022,한강(남한강),annual_all_samples,0.492676,robust_candidate_no_low_flow_flag,0.0,2.0771662278427003,33,33,11.796047123287671,277.11576438356167,365,33.12191890410959,1366.5857,277.1102794520548,365,0.49267613298689217,15.43939393939394,33,2.467764485798193,5.624435340844595,0.40057048228032954
여주보,1007602,2023,한강(남한강),annual_all_samples,0.448037,robust_candidate_no_low_flow_flag,0.0,2.589497638666798,26,26,11.975529315068492,309.36192328767123,365,33.162014246575346,1516.3854,309.36331506849314,365,0.4480372435490739,15.096153846153847,26,2.4828653439959796,5.734511864268568,0.3702088461232533
여주보,1007602,2024,한강(남한강),annual_all_samples,0.503294,robust_candidate_no_low_flow_flag,0.0,1.9596403418672153,31,31,11.998304918032787,275.92105464480875,366,33.1688868852459,1416.2561,275.92245355191255,366,0.50329348756442,14.154838709677419,31,2.4847653829797136,5.620114790906032,0.4076587004243692
여주보,1007602,2025,한강(남한강),annual_all_samples,0.690838,robust_candidate_no_low_flow_flag,0.0,2.3539692923405244,22,22,11.948315890410958,200.17825753424657,365,33.15733479452055,1153.2657,200.18101917808218,365,0.6908377307280434,16.954545454545453,22,2.4805903387732773,5.299208257258266,0.5252242640262001
이포보,1007603,2017,한강(남한강),annual_all_samples,0.786497,robust_candidate_no_low_flow_flag,0.0,2.513287942326225,44,44,14.46508493150685,212.86783561643836,365,28.037260273972603,1142.2866,212.84302739726027,365,0.7864972366548753,14.922727272727274,44,2.6717378099287905,5.360671483062127,0.5802567192187924
이포보,1007603,2018,한강(남한강),annual_all_samples,0.651081,robust_candidate_no_low_flow_flag,3.780313660073568,2.8399309265694317,47,48,14.0876301369863,250.4317589041096,365,27.97827397260274,1293.6433,250.43674520547944,365,0.6510806594465126,15.220833333333333,48,2.6452971170862294,5.523186463867503,0.5014302249095763
이포보,1007603,2019,한강(남한강),annual_all_samples,1.22234,robust_candidate_no_low_flow_flag,2.7158627408390035,2.6221077713014855,51,51,14.757145205479453,139.73215890410958,365,28.093095890410957,846.7111,139.73641369863012,365,1.222340605553064,15.200000000000001,51,2.691727386202466,4.93972743951411,0.7985606948133213
이포보,1007603,2020,한강(남한강),annual_all_samples,0.455252,robust_candidate_no_low_flow_flag,2.5227975234993965,2.1562896586444253,41,41,15.096718852459015,383.81066666666663,366,28.1577868852459,1525.5134,383.8078469945355,366,0.4552519183256099,13.148780487804878,41,2.7144774256698616,5.950149375440311,0.3751790815030703
이포보,1007603,2021,한강(남한강),annual_all_samples,0.926131,robust_candidate_no_low_flow_flag,0.0,2.6037179631699496,36,36,14.938403561643836,186.6888,365,28.133808219178082,1060.5565,186.68901643835616,365,0.9261304875861742,14.058333333333332,36,2.703935317344747,5.22944305946062,0.6555133276776544
이포보,1007603,2022,한강(남한강),annual_all_samples,0.555803,robust_candidate_no_low_flow_flag,0.0,2.165063064380411,33,33,14.956842465753425,311.462002739726,365,28.13262821917808,1388.4828,311.4619917808219,365,0.5558032796621679,15.766666666666666,33,2.705168885145519,5.741277349213237,0.4419918110570925
이포보,1007603,2023,한강(남한강),annual_all_samples,0.525841,robust_candidate_no_low_flow_flag,0.0,3.035487032113823,27,27,15.224622191780822,335.10296712328767,365,28.181727671232874,1502.9164,335.1072164383562,365,0.5258410765806008,15.203703703703704,27,2.7229139982982984,5.8144378491453885,0.42254573346252994
이포보,1007603,2024,한강(남한강),annual_all_samples,0.59458,robust_candidate_no_low_flow_flag,0.0,2.420923529942129,32,32,15.181701639344263,295.52636065573773,366,28.1873218579235,1425.4889,295.53062841530055,366,0.5945802565780379,14.765625,32,2.7200908631385428,5.68875803982426,0.46661037867723737
이포보,1007603,2025,한강(남한강),annual_all_samples,0.772848,robust_candidate_no_low_flow_flag,0.0,2.9895225569196775,21,21,15.123954794520547,226.49449315068495,365,28.174315616438356,1159.5399,226.4928410958904,365,0.7728478103362628,17.476190476190474,21,2.7162798970345703,5.42272063182702,0.5725872930165588
죽산보,5004602,2017,영산강,annual_all_samples,7.70832,robust_candidate_no_low_flow_flag,9.560299176693883,3.803695128542518,66,66,22.286339726027396,33.46304931506849,365,2.8136164383561644,927.401,33.1600301369863,365,7.708315652897422,16.645454545454545,66,3.1039739224298537,3.5104418245524047,2.164278890515215
죽산보,5004602,2018,영산강,annual_all_samples,2.78489,contains_near_zero_or_nonpositive_discharge,9.65788390530386,4.046463467482437,59,58,14.331646575342466,59.562616438356166,365,1.0668767123287672,1446.2869,59.257608219178074,365,2.7848934278791337,17.23,60,2.662470139310465,4.087028136306213,1.3310168243799152
죽산보,5004602,2019,영산강,annual_all_samples,3.60632,contains_near_zero_or_nonpositive_discharge,4.788681510917635,4.1261834722412924,56,56,13.681432584269663,43.909008426966295,356,0.917041095890411,1218.6778,43.28731506849315,365,3.6063195194482844,16.09642857142857,56,2.6160396277838793,3.78211950237755,1.5274292735835953
죽산보,5004602,2020,영산강,annual_all_samples,1.76758,contains_near_zero_or_nonpositive_discharge,5.592643981718486,4.176265846146164,54,54,16.41578606557377,107.49036612021858,366,1.5324043715846996,1864.5678,107.50201639344262,366,1.7675772328713457,16.04074074074074,54,2.798243436835566,4.677401226065492,1.0179732921385931
죽산보,5004602,2021,영산강,annual_all_samples,3.97403,robust_candidate_no_low_flow_flag,7.440434247014614,4.280541818734297,49,49,16.206807671232877,47.20113698630137,365,1.4968219178082192,1202.5502,47.18982191780822,365,3.9740312303400667,17.840816326530614,49,2.785431380587174,3.8544179809942074,1.6042303767261124
죽산보,5004602,2022,영산강,annual_all_samples,7.69144,robust_candidate_no_low_flow_flag,7.85243115058137,3.759299877592073,49,49,16.19181397260274,24.365427397260273,365,1.4934786301369862,774.5052,24.36934794520548,365,7.691441289209816,18.122448979591837,49,2.784505804192883,3.193165217584685,2.162338633259306
죽산보,5004602,2023,영산강,annual_all_samples,1.90442,mean_daily_tau_sensitive_to_low_flow,7.422094722047924,3.3862717314454795,45,45,16.251943013698632,98.7709616438356,365,1.5078093150684932,1913.6079,98.76450410958904,365,1.9044179499483307,17.586666666666666,45,2.788212471701577,4.592803651066176,1.066233714604088
죽산보,5004602,2024,영산강,annual_all_samples,3.32552,contains_near_zero_or_nonpositive_discharge,8.274347007806181,3.574381457978432,51,51,16.473912568306012,57.33540163934427,366,1.5542773224043716,1392.7445,57.33799453551912,366,3.3255245259248927,18.629411764705882,51,2.801778073251484,4.048918262599495,1.4645323643705224
죽산보,5004602,2025,영산강,annual_all_samples,2.24905,robust_candidate_no_low_flow_flag,7.664394514958,3.975629970352951,49,49,16.449192602739725,84.65081369863015,365,1.5464799999999999,1762.8465,84.66378356164384,365,2.249053084363934,17.6734693877551,49,2.8002763941065045,4.438534721038912,1.1783626459191179
창녕함안보,2017601,2017,낙동강,annual_all_samples,5.52492,robust_candidate_no_low_flow_flag,10.116216302883474,3.225120437569291,53,53,95.6974684931507,200.4752,365,4.74752794520548,760.6779,200.3470465753425,365,5.524920733542583,16.684905660377357,53,4.561191845581873,5.300690548323222,1.8756286925971977
창녕함안보,2017601,2018,낙동강,annual_all_samples,3.20671,robust_candidate_no_low_flow_flag,10.462003026893717,3.496260159189118,49,49,94.43750684931507,340.85621643835617,365,4.65933095890411,1213.374,340.89054794520547,365,3.206709007880231,16.048979591836734,49,4.547938312560448,5.831460735689589,1.4366808695012516
창녕함안보,2017601,2019,낙동강,annual_all_samples,4.04752,robust_candidate_no_low_flow_flag,9.84559253529056,3.193940045460273,51,51,93.96156438356164,268.68773150684933,365,4.6292328767123285,1018.1299,268.71357534246573,365,4.047516796514023,16.66078431372549,51,4.542885809115305,5.593549855877341,1.618897033554608
창녕함안보,2017601,2020,낙동강,annual_all_samples,2.03598,robust_candidate_no_low_flow_flag,8.221663742019548,3.157886553241771,48,48,96.66420819672132,549.514849726776,366,4.786803278688525,1357.9067,549.5599153005464,366,2.035975381806057,15.9125,48,4.571243201541289,6.3090357975490985,1.1105342718964017
창녕함안보,2017601,2021,낙동강,annual_all_samples,3.17242,robust_candidate_no_low_flow_flag,8.358541922925726,3.299307781735193,49,49,75.75456821917808,276.3785780821918,365,3.6267671232876713,1089.0621,276.3527589041096,365,3.1724202002281015,17.475510204081633,49,4.327498749094916,5.621771585569397,1.4284962032124664
창녕함안보,2017601,2022,낙동강,annual_all_samples,5.46544,robust_candidate_no_low_flow_flag,9.668223651764224,3.1948340208641355,49,49,85.03849260273972,180.08464931506848,365,4.16025506849315,740.4706,180.10930136986303,365,5.465439815526541,16.685714285714287,49,4.443104008132702,5.193427014318664,1.866471068685963
창녕함안보,2017601,2023,낙동강,annual_all_samples,2.00175,robust_candidate_no_low_flow_flag,9.016492643343604,3.021237563962353,42,42,99.22783150684931,573.7332219178082,365,4.931203013698631,1625.1415,573.7150082191781,365,2.0017496428584756,15.93720930232558,43,4.597418534486209,6.352164518102396,1.0991954519286904
창녕함안보,2017601,2024,낙동강,annual_all_samples,2.70046,robust_candidate_no_low_flow_flag,9.741485457782057,3.3809292614255613,52,52,96.67680546448088,414.3525081967213,366,4.796932240437159,1168.4185,414.3074426229508,366,2.700465148770167,17.771153846153847,52,4.571373512927775,6.026717080605368,1.3084571362468749
창녕함안보,2017601,2025,낙동강,annual_all_samples,3.71217,robust_candidate_no_low_flow_flag,8.947971242631994,3.3712952772559226,37,37,98.2159312328767,306.2246630136986,365,4.871672602739726,1120.6073,306.2504931506849,365,3.71217148924621,19.7027027027027,37,4.587168434716168,5.724319025419877,1.5501485237969586
칠곡보,2011601,2017,낙동강,annual_all_samples,8.52069,robust_candidate_no_low_flow_flag,7.814069883752036,2.7941654851104447,49,49,76.13004931506849,103.41116712328767,365,25.581972602739725,860.7647000000001,103.41443561643835,365,8.52069321473781,15.916326530612244,49,4.332443053092356,4.63871295550093,2.2534673251683954
칠곡보,2011601,2018,낙동강,annual_all_samples,5.35045,robust_candidate_no_low_flow_flag,7.38793946815999,3.1444529551967046,43,43,76.09219726027398,164.60245479452055,365,25.57723287671233,1172.8397,164.57319178082193,365,5.3504471038957115,17.75813953488372,43,4.331945726894297,5.103533201828727,1.8485256765354463
칠곡보,2011601,2019,낙동강,annual_all_samples,8.85746,robust_candidate_no_low_flow_flag,7.694866650421655,3.031906750381209,49,49,75.86185479452055,99.12892602739726,365,25.55578082191781,915.9538,99.16794520547946,365,8.857462316758705,16.618367346938776,49,4.32891398619281,4.59642128600445,2.2882285289374202
칠곡보,2011601,2020,낙동강,annual_all_samples,3.04183,robust_candidate_no_low_flow_flag,6.835118751195502,3.2238430595429426,49,49,76.1295106557377,289.6700737704918,366,25.583743169398907,1290.2558999999999,289.6376666666667,366,3.041835092190593,15.371428571428572,49,4.332435977551998,5.668742598681705,1.3966975597100133
칠곡보,2011601,2021,낙동강,annual_all_samples,5.43001,robust_candidate_no_low_flow_flag,7.864699991262967,3.2057061508195583,48,48,74.52806164383561,158.8566602739726,365,25.45904109589041,1082.4462,158.46693424657533,365,5.430010328652498,17.464583333333334,48,4.3111757208247585,5.068002287906903,1.860976093458272
칠곡보,2011601,2022,낙동강,annual_all_samples,8.23453,robust_candidate_no_low_flow_flag,8.474132581955164,3.005022320461084,45,45,73.18413671232877,102.86421369863014,365,25.35935315068493,768.6915,102.84937260273973,365,8.234531611132484,17.608888888888888,45,4.29297868590171,4.633409804884245,2.222949719015541
칠곡보,2011601,2023,낙동강,annual_all_samples,2.90223,robust_candidate_no_low_flow_flag,7.564286722583232,2.79557824046448,43,43,74.1939805479452,295.8856082191781,365,25.426764931506852,1624.6968,296.29019999999997,365,2.9022250588011858,17.91627906976744,43,4.306683022191784,5.689972920910652,1.361548184594997
칠곡보,2011601,2024,낙동강,annual_all_samples,4.40766,robust_candidate_no_low_flow_flag,9.29454573244785,3.46559384725577,44,44,76.21422786885246,200.13115846994535,366,25.58929016393443,1108.8404,200.14087978142078,366,4.407655087775498,16.356818181818184,44,4.333548162702078,5.298972943959925,1.6878164669417877
칠곡보,2011601,2025,낙동강,annual_all_samples,6.59594,robust_candidate_no_low_flow_flag,8.590933151610994,2.810870908810798,41,41,76.38845643835616,134.0408794520548,365,25.604739726027397,1019.76,134.02491506849313,365,6.595940408895619,18.992682926829268,41,4.335831591017873,4.8981448239640795,2.027613894024688
합천창녕보,2014602,2017,낙동강,annual_all_samples,4.77764,robust_candidate_no_low_flow_flag,9.94844523330442,3.132909356317009,64,64,59.6782602739726,144.57368767123288,365,9.609890410958904,790.8974,143.0403698630137,365,4.777637038584511,17.7328125,64,4.088967804565325,4.973789326854427,1.7539952948070376
합천창녕보,2014602,2018,낙동강,annual_all_samples,2.61063,contains_near_zero_or_nonpositive_discharge,10.997309362171665,3.4234198868943104,58,58,49.30138186813187,218.5743736263736,364,8.554876712328767,1092.1092,217.86315890410958,365,2.6106347062962314,17.2448275862069,58,3.8979521104353685,5.387126339347985,1.2838822723542342
합천창녕보,2014602,2019,낙동강,annual_all_samples,3.1629,contains_near_zero_or_nonpositive_discharge,10.06187470039228,3.067418484440875,66,66,51.856209497206706,189.75868435754188,358,8.794602739726027,962.1145,186.52410684931507,365,3.1628992999893746,18.95,66,3.9484746863711044,5.24575318259362,1.4262119467857242
합천창녕보,2014602,2020,낙동강,annual_all_samples,1.69332,robust_candidate_no_low_flow_flag,7.733245646529795,3.0210220199200677,49,49,52.90295655737705,361.60007923497267,366,8.932841530054645,1308.4205,361.20775683060106,366,1.693314722795517,16.397959183673468,49,3.9684592268559324,5.890538847641262,0.9907746333575911
합천창녕보,2014602,2021,낙동강,annual_all_samples,2.66951,contains_near_zero_or_nonpositive_discharge,9.153157736389604,3.1778904183041146,51,51,50.000681917808215,216.78609589041096,365,8.601452054794521,1070.7317,216.78609315068493,365,2.6695051354376385,17.4,51,3.9120366436913088,5.378911134162047,1.3000581381661835
합천창녕보,2014602,2022,낙동강,annual_all_samples,4.24624,contains_near_zero_or_nonpositive_discharge,9.973334226097,3.253679747062893,48,48,46.10414849315069,125.66706575342465,365,8.181487671232876,730.2275999999999,125.67952602739726,365,4.246242454875611,17.210416666666667,48,3.830902934959273,4.833636074531554,1.6575116295404255
합천창녕보,2014602,2023,낙동강,annual_all_samples,1.40973,contains_near_zero_or_nonpositive_discharge,8.739034076447211,2.7865532625901537,44,44,53.46679178082192,438.97029863013705,365,9.017418356164384,1581.5794,440.11316438356164,365,1.4097277435522666,16.88,45,3.979060746801877,6.084431753907382,0.8795147080313557
합천창녕보,2014602,2024,낙동강,annual_all_samples,2.3499,robust_candidate_no_low_flow_flag,10.096849008595658,3.377224368254206,47,47,55.575205464480874,273.7272868852459,366,9.280432240437158,1108.7589,273.73949180327867,366,2.3498992447817173,16.738297872340425,47,4.017737156910108,5.61213230740628,1.208930494645164
합천창녕보,2014602,2025,낙동강,annual_all_samples,3.14339,robust_candidate_no_low_flow_flag,9.92567902513438,3.18990196779194,43,43,55.71399342465753,205.14105753424658,365,9.300855068493151,1055.5301,205.1823287671233,365,3.143387747973425,19.29767441860465,43,4.020231343830522,5.323697828049006,1.4215142933498843
강정고령보,2011602,2017,낙동강,bloom_season_06_10,7.77285,robust_candidate_no_low_flow_flag,9.368011378787186,2.725047777470781,21,21,73.50456209150327,222.73753594771242,153,18.28934640522876,700.3449,221.27954248366012,153,3.819505512663787,23.704761904761906,21,4.297347473564727,5.405994109444002,2.1716617250860213
강정고령보,2011602,2018,낙동강,bloom_season_06_10,4.9709,robust_candidate_no_low_flow_flag,9.546183158834772,2.471724913085936,21,21,76.0476274509804,268.79263398692814,153,18.462875816993463,757.6235,268.70433986928106,153,3.2745721496149365,22.91904761904762,21,4.331359820992891,5.5939402049510765,1.7868976698111474
강정고령보,2011602,2019,낙동강,bloom_season_06_10,6.71121,contains_near_zero_or_nonpositive_discharge,9.831896340752388,2.870478217376594,22,22,75.74459477124184,231.30971895424838,153,18.443202614379086,691.2207,231.01040522875815,153,3.790042003234967,23.886363636363637,22,4.327367085688284,5.443757587179739,2.0426751143018027
강정고령보,2011602,2020,낙동강,bloom_season_06_10,3.01295,robust_candidate_no_low_flow_flag,8.209394337063728,3.033940328392886,19,19,77.24504117647058,609.8662156862745,153,18.54797385620915,1009.6952,609.4893006535948,153,1.4659605753457274,23.73157894736842,19,4.346982721827119,6.413239614566437,1.389526631700556
강정고령보,2011602,2021,낙동강,bloom_season_06_10,5.12046,robust_candidate_no_low_flow_flag,9.323392658544355,2.9940642164532942,21,21,76.64360588235294,294.9538431372549,153,18.503464052287583,747.375,294.6101895424837,153,3.0075172520254156,25.361904761904764,21,4.339166182168971,5.686818880156552,1.8116372570983008
강정고령보,2011602,2022,낙동강,bloom_season_06_10,8.53453,robust_candidate_no_low_flow_flag,10.315744543501248,3.286160571673797,20,20,76.87839411764706,164.47481045751636,153,18.519921568627453,584.2391,164.4526405228758,153,5.409924022641394,25.085,20,4.342224876275914,5.102757430562316,2.254919945755684
강정고령보,2011602,2023,낙동강,bloom_season_06_10,2.77411,mean_daily_tau_sensitive_to_low_flow,8.811361681502794,3.0024595943034176,20,20,74.64898627450981,633.7739803921568,153,18.372471895424834,1246.4729,633.7548104575163,153,1.3632508172094842,24.68,20,4.3127969441811365,6.451692393072608,1.3281645933154516
강정고령보,2011602,2024,낙동강,bloom_season_06_10,3.75312,robust_candidate_no_low_flow_flag,11.093841612744068,3.4603643589978157,21,21,75.27123202614379,352.7943267973856,153,18.4126568627451,766.7079,352.5726339869281,153,2.4694127681303204,26.166666666666668,21,4.321098017002611,5.8658852434970665,1.5588012445254538
강정고령보,2011602,2025,낙동강,bloom_season_06_10,5.60647,robust_candidate_no_low_flow_flag,10.110073731329711,3.248332424646577,19,19,75.10819281045751,273.7060718954248,153,18.399017647058823,789.9158,273.57806535947714,153,3.1760632167861096,26.86315789473684,19,4.318929644836732,5.612054800292431,1.8880494718794583
강천보,1007601,2017,한강(남한강),bloom_season_06_10,0.606912,robust_candidate_no_low_flow_flag,0.0,2.0332521592104613,18,18,9.367856209150327,311.1128954248366,153,38.14019607843137,974.0843,311.14029411764704,153,0.34850455662380414,21.02777777777778,18,2.2372842770262853,5.740155854104747,0.4743143248328201
강천보,1007601,2018,한강(남한강),bloom_season_06_10,0.53727,robust_candidate_no_low_flow_flag,3.6959969218828,2.607057238162387,21,22,9.355797385620916,280.7655359477124,153,38.13869281045752,845.1474,280.74158823529416,153,0.38567658098667473,21.145454545454545,22,2.2359961923973244,5.637519929390127,0.43000811601237793
강천보,1007601,2019,한강(남한강),bloom_season_06_10,0.917014,robust_candidate_no_low_flow_flag,3.7738053246125447,2.636782015778123,22,22,8.981098039215686,110.14417647058825,153,38.055882352941175,591.822,110.14415032679739,153,0.9437438937151701,21.513636363636365,22,2.1951221509209224,4.701790202768466,0.6507687671145657
강천보,1007601,2020,한강(남한강),bloom_season_06_10,0.346453,robust_candidate_no_low_flow_flag,0.0,2.082116532129139,14,14,9.85406274509804,613.4488366013072,153,38.234379084967316,1196.0127,613.387202614379,153,0.1859187683429627,19.157142857142855,14,2.287883831576437,6.419096864750443,0.2974737273502489
강천보,1007601,2021,한강(남한강),bloom_season_06_10,0.68242,robust_candidate_no_low_flow_flag,0.0,1.8006090845050375,15,15,9.662817647058823,228.8520588235294,153,38.20653594771242,727.2128,228.81433333333334,153,0.488691986369975,20.60666666666667,15,2.2682852875836814,5.433075763447777,0.5202332331150568
강천보,1007601,2022,한강(남한강),bloom_season_06_10,0.383628,robust_candidate_no_low_flow_flag,0.0,1.817077277212345,13,13,9.692581699346405,518.5192352941176,153,38.20912418300654,1127.3912,518.5124052287582,153,0.21635197099991313,19.823076923076922,13,2.2713608196578225,6.250977124945052,0.3247090349388449
강천보,1007601,2023,한강(남한강),bloom_season_06_10,0.367188,robust_candidate_no_low_flow_flag,0.0,2.1564025828159643,10,10,10.117686928104575,580.3881764705883,153,38.29117908496732,1158.2244,580.3910000000001,153,0.2017664430662426,20.369999999999997,10,2.3142850733179485,6.363697149456201,0.31275607571811576
강천보,1007601,2024,한강(남한강),bloom_season_06_10,0.423615,robust_candidate_no_low_flow_flag,0.0,2.5081199721677825,11,11,9.598799999999999,388.9376339869281,153,38.1924,1018.8522,388.9034117647059,153,0.2856427676678778,24.272727272727273,11,2.2616380906606395,5.963419006824131,0.3531994112659935
강천보,1007601,2025,한강(남한강),bloom_season_06_10,0.567365,robust_candidate_no_low_flow_flag,0.0,2.187072205872201,11,11,9.56946862745098,293.9504509803922,153,38.185918954248365,898.432,293.98464052287585,153,0.3767905045705599,25.50909090909091,11,2.2585776791010437,5.683411219054919,0.4493958654141056
공주보,3012601,2017,금강,bloom_season_06_10,1.7962,contains_near_zero_or_nonpositive_discharge,7.918890627757571,4.203617414699843,25,25,14.744444444444445,170.48817647058823,153,8.56875816993464,995.9186,170.3913660130719,153,1.0009684877502942,22.108,25,2.6908663640019426,5.138665948105453,1.0282613525715871
공주보,3012601,2018,금강,bloom_season_06_10,0.459468,robust_candidate_no_low_flow_flag,8.159345145869695,4.512336248109364,29,29,4.509431372549019,189.8855359477124,153,5.029738562091503,843.3828,189.85551633986927,153,0.274862919270522,23.010344827586206,29,1.5061710640909312,5.246421448238698,0.37807198575477974
공주보,3012601,2019,금강,bloom_season_06_10,0.490024,robust_candidate_no_low_flow_flag,5.925782515268332,4.605277323105848,28,28,3.3688954248366016,96.49604575163399,153,4.496013071895424,614.5591000000001,96.49860784313725,153,0.40407712970153303,22.86785714285714,28,1.21458492352609,4.569502030838368,0.39879222721019564
공주보,3012601,2020,금강,bloom_season_06_10,0.133039,robust_candidate_no_low_flow_flag,6.873410279244201,3.645076831455543,21,21,4.935025490196079,619.2172549019608,153,4.9646405228758175,1162.9326,619.2095882352941,153,0.09224282774551647,21.6,21,1.5963578380587475,6.4284561883309905,0.12490340334224045
공주보,3012601,2021,금강,bloom_season_06_10,0.298743,robust_candidate_no_low_flow_flag,6.498066980029665,4.197846208394927,21,21,3.4671339869281046,173.3285294117647,153,4.670588235294118,705.2572,173.31701307189542,153,0.23151910262917114,23.219047619047622,21,1.2433283123155539,5.155188807591171,0.26139687361889247
공주보,3012601,2022,금강,bloom_season_06_10,0.375461,robust_candidate_no_low_flow_flag,6.91936939149932,3.819907716520341,22,22,4.6873450980392155,173.79919607843135,153,5.107322222222222,916.0636,173.79957516339869,153,0.3121514978180418,23.236363636363635,22,1.5448663449988722,5.157900587264963,0.31878894765446575
공주보,3012601,2023,금강,bloom_season_06_10,0.306231,robust_candidate_no_low_flow_flag,7.447459862298504,3.8926136341300226,18,18,8.225060130718953,452.9594379084967,153,6.143203267973856,1316.8495,453.9699281045752,153,0.21016772640000844,24.47222222222222,18,2.107185607350421,6.11580258043315,0.26714589117065246
공주보,3012601,2024,금강,bloom_season_06_10,0.254768,robust_candidate_no_low_flow_flag,7.2620748195560685,4.0829642620815925,19,19,6.192162745098039,307.2693790849673,153,5.596356862745099,977.0653,307.02663398692806,153,0.23324338566996777,24.04736842105263,19,1.823284419065099,5.727724819150286,0.2269506949371593
공주보,3012601,2025,금강,bloom_season_06_10,0.199501,robust_candidate_no_low_flow_flag,6.387119790687598,3.755647630578777,21,21,2.605092156862745,234.11215032679738,153,4.037766013071895,956.9786,234.11323529411763,153,0.1287909642930974,24.280952380952378,21,0.9574680514942633,5.455800275443013,0.181905636977965
구미보,2009602,2017,낙동강,bloom_season_06_10,5.73241,robust_candidate_no_low_flow_flag,8.81074645617647,2.9014215940827497,26,26,53.44274509803921,191.5197908496732,153,32.60908496732026,755.2085,191.52595424836602,153,3.2296938490919427,23.70384615384615,26,3.9786108957616375,5.254991149754311,1.9069331776231766
구미보,2009602,2018,낙동강,bloom_season_06_10,4.21905,robust_candidate_no_low_flow_flag,7.84667498978621,2.805203214125179,23,23,53.07592810457516,220.435431372549,153,32.55372549019608,696.8664,220.4206209150327,153,2.7867785120005113,23.330434782608698,23,3.9717234940982324,5.395604823761931,1.6523153929947676
구미보,2009602,2019,낙동강,bloom_season_06_10,6.0433,contains_near_zero_or_nonpositive_discharge,8.763019080913054,2.860441091649976,26,26,53.11419607843137,163.35995424836602,153,32.55908496732026,639.5717,163.2704183006536,153,3.7631477226176333,23.926923076923078,26,3.9724442386271086,5.0959560743499965,1.95207681034099
구미보,2009602,2020,낙동강,bloom_season_06_10,2.43703,robust_candidate_no_low_flow_flag,8.348170807285618,3.0260189661588632,20,20,53.486398039215686,510.42036601307194,153,32.615686274509805,973.6903,510.4154444444444,153,1.212834702691778,23.85,20,3.9794273793192683,6.235234633297742,1.2346077263719368
구미보,2009602,2021,낙동강,bloom_season_06_10,4.02441,contains_near_zero_or_nonpositive_discharge,8.157848018921626,3.130928945497575,21,21,53.40409803921569,224.54709803921568,153,32.60313725490196,740.0142,224.6111503267974,153,2.7526652179537354,24.642857142857142,21,3.9778874853290187,5.414085475999852,1.6143080341163778
구미보,2009602,2022,낙동강,bloom_season_06_10,6.07384,contains_near_zero_or_nonpositive_discharge,9.733093578464668,3.3024814087229974,20,20,53.569765359477124,140.53681045751634,153,32.62873202614379,601.0729,140.6217450980392,153,4.411800939432769,24.6,20,3.9809848298100476,4.945469450597712,1.956403472489612
구미보,2009602,2023,낙동강,bloom_season_06_10,2.30689,contains_near_zero_or_nonpositive_discharge,7.278820627038247,3.1018425081023633,18,18,53.21828562091503,524.7910588235294,153,32.57172222222222,1265.3741,524.7816732026145,153,1.1737097450793783,24.883333333333333,18,3.9744020519700944,6.263000200182017,1.1960081706705075
구미보,2009602,2024,낙동강,bloom_season_06_10,3.65501,robust_candidate_no_low_flow_flag,8.963806977519905,3.359278294327527,19,19,53.56519084967321,266.9662287581699,153,32.62779281045752,778.5315,266.9908169934641,153,2.322269335600598,25.19473684210526,19,3.980899432662962,5.587122166348669,1.537944058954435
구미보,2009602,2025,낙동강,bloom_season_06_10,5.5383,robust_candidate_no_low_flow_flag,8.787429226053387,3.024268580818925,19,19,53.50459607843137,178.12817647058824,153,32.618488235294116,774.7039,178.16401960784316,153,3.476519945273388,26.5,19,3.9797675582201424,5.18250338368125,1.8776771928412315
낙단보,2009601,2017,낙동강,bloom_season_06_10,3.73901,robust_candidate_no_low_flow_flag,8.63438345882764,2.883403088580071,24,24,33.74879738562091,180.38487581699346,153,39.84339869281046,760.169,180.4248366013072,153,2.165431436992434,23.229166666666668,24,3.5189447836650283,5.195092767179385,1.5558282531330454
낙단보,2009601,2018,낙동강,bloom_season_06_10,2.66331,robust_candidate_no_low_flow_flag,9.04451716583478,2.8263664279202523,25,25,33.50752026143791,216.9357550835149,153,39.80065359477124,733.3758,216.93132525417576,153,1.7877113959159003,24.268,25,3.511769899053997,5.379601250183214,1.2983671103003838
낙단보,2009601,2019,낙동강,bloom_season_06_10,3.97859,contains_near_zero_or_nonpositive_discharge,8.95358315857659,2.889704868908461,25,25,33.81271895424836,160.7358823529412,153,39.852679738562095,640.3586,160.74475163398694,153,2.434745173843617,23.676,25,3.5208370321272753,5.079762535640114,1.605146718416859
낙단보,2009601,2020,낙동강,bloom_season_06_10,1.95107,robust_candidate_no_low_flow_flag,7.746495195837733,3.1112906141882632,20,20,33.45446666666667,398.64374509803923,153,39.792156862745095,973.55,398.62598039215686,153,0.9713045295955064,24.64,20,3.5101853102953235,5.988068148616053,1.0821678164520887
낙단보,2009601,2021,낙동강,bloom_season_06_10,3.23805,robust_candidate_no_low_flow_flag,8.175574400642146,3.3269184547255573,21,21,33.59365490196078,194.91189542483662,153,39.81575163398693,742.1557,194.8453137254902,153,1.9948266851887122,25.18095238095238,21,3.5143372069326766,5.272547638128917,1.4441032577944442
낙단보,2009601,2022,낙동강,bloom_season_06_10,5.11141,robust_candidate_no_low_flow_flag,9.365406347078606,3.359854418127773,20,20,33.380597385620916,109.48309150326797,153,39.77912418300654,602.5788,109.49196732026144,153,3.528850907233358,24.735,20,3.507974814587057,4.6957701218379855,1.81015751579115
낙단보,2009601,2023,낙동강,bloom_season_06_10,1.69665,robust_candidate_no_low_flow_flag,7.475480949880939,3.0504571732432377,20,20,33.7648339869281,467.09922875816994,153,39.84472156862745,1271.0935,467.08590849673203,153,0.836645974994418,25.54,20,3.5194198462940935,6.146541716378825,0.9920102619134757
낙단보,2009601,2024,낙동강,bloom_season_06_10,2.57419,robust_candidate_no_low_flow_flag,9.267332397705392,3.37866471540905,19,19,33.497492810457516,242.39739869281047,153,39.79895882352941,779.7158000000001,242.38852287581702,153,1.5994497679215331,26.147368421052633,19,3.5114705945513776,5.490578522672274,1.273738577047761
낙단보,2009601,2025,낙동강,bloom_season_06_10,4.34698,robust_candidate_no_low_flow_flag,9.617175969106531,3.1963380318428345,21,21,33.57945816993464,145.88129411764706,153,39.812929411764706,776.2302,145.89175816993463,153,2.6641601898092895,27.14761904761905,21,3.51391451601995,4.982793237011956,1.6765319155444132
달성보,2014601,2017,낙동강,bloom_season_06_10,4.86945,contains_near_zero_or_nonpositive_discharge,10.440963870598653,3.0689827352935835,30,30,53.55980392156862,219.14461437908494,153,13.527973856209151,653.3839,218.75133333333332,153,2.8287491332494357,24.663333333333334,30,3.980798859904557,5.389731851518745,1.7697609326869863
달성보,2014601,2018,낙동강,bloom_season_06_10,3.15117,robust_candidate_no_low_flow_flag,10.225178894076148,2.892353919100156,28,28,54.591830065359474,290.4537712418301,153,13.626078431372548,767.0344,290.0845751633987,153,2.175388814248379,24.582142857142856,28,3.999884239052226,5.671444428488626,1.4233902222193011
달성보,2014601,2019,낙동강,bloom_season_06_10,3.47368,contains_near_zero_or_nonpositive_discharge,9.986157989733574,3.072818431987749,37,37,55.248921568627445,304.18892810457515,153,13.686601307189544,707.5087,304.020385620915,153,2.1021643185125027,25.008108108108107,37,4.011848821087496,5.717648982399419,1.4982113361469624
달성보,2014601,2020,낙동강,bloom_season_06_10,1.85296,robust_candidate_no_low_flow_flag,8.338162214720349,3.204371138665319,20,20,57.1858477124183,711.2108366013072,153,13.867777777777778,1004.0393,710.9459738562091,153,0.9306287296959226,24.035,20,4.0463064501579,6.5669689211495665,1.0483570518035994
달성보,2014601,2021,낙동강,bloom_season_06_10,3.18663,robust_candidate_no_low_flow_flag,9.107906785609847,3.0208893543366417,21,21,55.76940065359477,320.9891503267974,153,13.737581699346405,740.5332,320.69218300653597,153,2.0109065168534883,25.31904761904762,21,4.021225343590888,5.771407322953804,1.4318961143718083
달성보,2014601,2022,낙동강,bloom_season_06_10,5.24582,robust_candidate_no_low_flow_flag,10.359954662610324,3.300824407515368,20,20,55.11504901960785,177.26766666666668,153,13.675233333333333,566.1747,177.31583006535948,153,3.5985449120209827,25.22,20,4.009422800820814,5.177660831343402,1.8319124400018234
달성보,2014601,2023,낙동강,bloom_season_06_10,1.73363,robust_candidate_no_low_flow_flag,9.357315368054346,3.138478887796172,16,16,55.401903921568625,733.8964313725489,153,13.702746405228758,1192.7575,733.8964379084968,153,0.8737278346397406,25.10625,16,4.014613959978031,6.5983679169864615,1.0056303962977946
달성보,2014601,2024,낙동강,bloom_season_06_10,2.53845,robust_candidate_no_low_flow_flag,10.982910026100305,3.504850558292894,17,17,55.34446601307189,392.97213725490195,153,13.695667973856208,757.2289,393.02026143790846,153,1.6300416454458915,26.46470588235294,17,4.013576672459158,5.9737387117856855,1.2636887781526764
달성보,2014601,2025,낙동강,bloom_season_06_10,3.43566,robust_candidate_no_low_flow_flag,10.100529182861765,3.4632657492176646,19,19,55.0190908496732,318.32020261437907,153,13.66623071895425,807.6224,318.3523071895425,153,2.000485761671112,27.294736842105266,19,4.0076802313626905,5.763057802630091,1.4896764209240037
백제보,3012602,2017,금강,bloom_season_06_10,2.38669,robust_candidate_no_low_flow_flag,8.448700194970938,3.6994189560204993,21,21,24.585450980392157,196.45916339869282,153,4.251307189542484,948.5239,196.5452549019608,153,1.4484121069685327,22.695238095238093,21,3.2021548444171213,5.280454589857797,1.2198530432222714
백제보,3012602,2018,금강,bloom_season_06_10,1.82184,robust_candidate_no_low_flow_flag,10.539802631556691,3.921902612422591,28,28,19.831372549019605,230.1054705882353,153,3.5473856209150325,909.6306,228.86386928104574,153,0.9974981224311986,24.228571428571428,28,2.987265155921557,5.438537771588061,1.037389154445519
백제보,3012602,2019,금강,bloom_season_06_10,2.81608,robust_candidate_no_low_flow_flag,5.960683122768544,4.3805150761780585,24,24,14.876607843137256,126.73006535947712,153,2.6786928104575165,613.6724,126.74343790849673,153,1.358659136322664,23.583333333333332,24,2.6997900358853,4.842059354831843,1.339223717726878
백제보,3012602,2020,금강,bloom_season_06_10,0.715196,robust_candidate_no_low_flow_flag,7.410001346240088,4.018354478126014,21,21,15.554132679738562,646.1899477124183,153,2.733137254901961,1154.2879,645.7963725490196,153,0.2785940642230308,22.5,21,2.74432637050116,6.471093497268812,0.5395273598020742
백제보,3012602,2021,금강,bloom_season_06_10,0.980027,robust_candidate_no_low_flow_flag,7.191536897400544,4.295729288417909,21,21,9.026632679738562,227.21977124183007,153,1.659281045751634,716.1889,227.02523529411764,153,0.45979676285986226,24.166666666666668,21,2.2001793941995884,5.4259177043717335,0.6831104809771059
백제보,3012602,2022,금강,bloom_season_06_10,1.37276,robust_candidate_no_low_flow_flag,7.412023083541594,3.936272060681461,22,22,15.704258823529413,200.24712418300655,153,2.924211111111111,940.0788,200.24793464052289,153,0.9076897141146839,24.0,22,2.7539319382143885,5.299552224711796,0.8640538345386015
백제보,3012602,2023,금강,bloom_season_06_10,0.73677,robust_candidate_no_low_flow_flag,7.670785131117924,3.930325084165512,17,17,17.71027320261438,518.9047581699347,153,3.1845372549019606,1353.3127,518.9601437908497,153,0.39502434828708893,24.905882352941177,17,2.874144878136195,6.251720356055944,0.5520270662867469
백제보,3012602,2024,금강,bloom_season_06_10,1.02414,robust_candidate_no_low_flow_flag,7.931889756534229,3.991806570215324,19,19,17.2773477124183,313.58430065359477,153,3.167245751633987,980.8343,313.5136993464052,153,0.6376891375310351,24.889473684210525,19,2.8493962627306066,5.748068225531782,0.705144918993562
백제보,3012602,2025,금강,bloom_season_06_10,1.368,robust_candidate_no_low_flow_flag,7.169276697512271,3.8882180939526223,21,21,17.48496470588235,254.9181699346405,153,3.222377124183007,1006.2741,254.89047058823527,153,0.7938715264601977,25.033333333333335,21,2.861341351976405,5.540942591441196,0.8620457170217593
상주보,2007601,2017,낙동강,bloom_season_06_10,3.61375,robust_candidate_no_low_flow_flag,7.608823386956693,2.990719731730447,21,21,27.72449019607843,155.55466013071896,153,47.07836601307189,843.4493,155.56186928104574,153,2.0628459663355576,22.80952380952381,21,3.3223161451892267,5.046997181948042,1.5290409753620713
상주보,2007601,2018,낙동강,bloom_season_06_10,2.9018,robust_candidate_no_low_flow_flag,9.201324854049227,3.0859156976119704,24,24,27.521627450980393,155.6993202614379,153,47.03542483660131,730.944,155.65112418300654,153,2.0458493603045595,23.59166666666667,24,3.3149721483435215,5.047926713136382,1.361437985121024
상주보,2007601,2019,낙동강,bloom_season_06_10,4.02286,contains_near_zero_or_nonpositive_discharge,8.619238216905744,2.9998902837026544,24,24,27.551980392156864,122.64926143790849,153,47.037254901960786,629.4264,122.65882352941176,153,2.600004746931951,22.804166666666664,24,3.3160744165782865,4.809328748981586,1.613999492589715
상주보,2007601,2020,낙동강,bloom_season_06_10,1.66265,contains_near_zero_or_nonpositive_discharge,6.59741851596555,2.7813006628418027,20,20,27.72320392156863,388.2713137254902,153,47.0775816993464,983.9047,388.2585555555556,153,0.8264077319545508,23.11,20,3.3222697492288353,5.961704357432486,0.9793218674767854
상주보,2007601,2021,낙동강,bloom_season_06_10,2.84595,robust_candidate_no_low_flow_flag,7.586827682461103,3.2591948357705447,21,21,27.131630065359477,173.33107843137253,153,46.96098039215686,739.2142,173.21424183006536,153,1.811697584580471,23.857142857142858,21,3.3007002083660644,5.155203513772971,1.3470206465620598
상주보,2007601,2022,낙동강,bloom_season_06_10,4.32164,robust_candidate_no_low_flow_flag,8.067995607443068,3.1354942159291497,20,20,27.92101960784314,105.59566666666667,153,47.12406535947712,638.5452,105.6116274509804,153,3.060352373975426,23.93,20,3.3293797961329292,4.6596173350766525,1.6717815265246025
상주보,2007601,2023,낙동강,bloom_season_06_10,1.71982,robust_candidate_no_low_flow_flag,7.548503290742874,3.1465201626760604,20,20,26.41396862745098,364.24696732026143,153,46.81727189542484,1315.7611,364.24379084967325,153,0.8393130400879542,24.57,20,3.2738929848966314,5.897832119221194,1.0005657016475584
상주보,2007601,2024,낙동강,bloom_season_06_10,2.76356,robust_candidate_no_low_flow_flag,7.76071377940254,3.0646198763424928,19,19,27.59354052287582,184.56669934640522,153,47.048657516339865,791.9179,184.61170588235294,153,1.730375431259776,24.38421052631579,19,3.317581706305459,5.218010912222772,1.3253653179719838
상주보,2007601,2025,낙동강,bloom_season_06_10,4.88116,robust_candidate_no_low_flow_flag,9.37698814700054,2.8076800420510515,21,21,27.892490196078434,103.87912418300654,153,47.116577124183,774.9065,103.84347712418301,153,3.1077442188582487,25.990476190476187,21,3.328357483995611,4.643227955713632,1.7717540213651748
세종보,3010601,2017,금강,bloom_season_06_10,0.643281,robust_candidate_no_low_flow_flag,7.060304677442422,3.715521385060357,20,20,5.815300653594771,160.70054248366014,153,11.864967320261437,1004.1144,160.70350980392158,153,0.41883318803706543,21.955000000000002,20,1.7604924877458084,5.079542648491722,0.49669485303761446
세종보,3010601,2018,금강,bloom_season_06_10,0.127643,robust_candidate_no_low_flow_flag,8.028696654594663,4.088711441999591,27,27,1.2773986928104575,183.23713071895423,153,8.907777777777778,852.8161,183.23533986928106,153,0.08068619626766663,22.40740740740741,27,0.24482573882437839,5.21078111030041,0.12012961362083738
세종보,3010601,2019,금강,bloom_season_06_10,0.193909,robust_candidate_no_low_flow_flag,2.559014621941722,4.06725002886666,26,26,1.0041307189542483,82.84803921568627,153,8.639019607843137,605.6773,82.84341176470588,153,0.1402795217756857,21.361538461538462,26,0.004122210956094344,4.417008076914011,0.17723279766058483
세종보,3010601,2020,금강,bloom_season_06_10,0.0739329,robust_candidate_no_low_flow_flag,6.559615237493242,3.264850237143192,21,21,2.946867973856209,587.0607777777777,153,9.67921568627451,1169.1572,587.0603006535947,153,0.058098359670758146,20.895238095238096,21,1.080742902567476,6.375128354123735,0.07132751741238863
세종보,3010601,2021,금강,bloom_season_06_10,0.13997,robust_candidate_no_low_flow_flag,6.210408817580635,3.6352023683711097,21,21,1.1264039215686275,135.0592026143791,153,8.863986928104575,702.6617,135.05465359477125,153,0.09652864946038725,22.152380952380952,21,0.11903018792181934,4.905713220193085,0.13100194627066394
세종보,3010601,2022,금강,bloom_season_06_10,0.138053,robust_candidate_no_low_flow_flag,6.608307289102961,3.4528693922064764,22,22,1.2325875816993466,150.57190849673202,153,8.901402614379085,901.8012,150.57154248366012,153,0.09474582686638189,22.086363636363636,22,0.20911568461236113,5.014440767400615,0.12931890755462735
세종보,3010601,2023,금강,bloom_season_06_10,0.0946669,robust_candidate_no_low_flow_flag,6.948470601146433,3.5491383448551,18,18,2.5602549019607843,400.16090196078426,153,9.614871241830064,1280.1087,400.1644052287582,153,0.07405166206544926,23.572222222222223,18,0.9401068246130316,5.9918667211271295,0.09045011607673878
세종보,3010601,2024,금강,bloom_season_06_10,0.0968494,robust_candidate_no_low_flow_flag,6.877296071497429,3.7105186292174177,20,20,1.7703320261437907,279.7963267973856,153,9.305515032679738,972.9714,279.7948888888889,153,0.0732316762011378,23.56,20,0.5711671143857703,5.63406193418733,0.09244188836839512
세종보,3010601,2025,금강,bloom_season_06_10,0.12354,robust_candidate_no_low_flow_flag,6.314496526624122,3.4210000089583352,21,21,1.3662980392156863,181.30550326797385,153,9.264728758169936,940.1084,181.3054183006536,153,0.08722093057358324,23.552380952380954,21,0.3121049212560176,5.200183471784253,0.11648441503573134
승촌보,5004601,2017,영산강,bloom_season_06_10,4.4117,contains_near_zero_or_nonpositive_discharge,8.097679867582015,3.538904073359193,24,24,9.129692810457517,35.44851633986928,153,7.579150326797385,753.4357,35.45464052287582,153,2.9808790824605347,24.516666666666666,24,2.2115320478696945,3.568081399912444,1.6885632763996052
승촌보,5004601,2018,영산강,bloom_season_06_10,1.67989,contains_near_zero_or_nonpositive_discharge,5.546528694591327,4.188371868213537,26,26,3.1096274509803923,40.55547712418301,153,2.8866666666666667,948.7131,40.54621568627451,153,0.8874524728241932,26.234615384615385,26,1.1345029283341201,3.7026708423201473,0.9857757489042861
승촌보,5004601,2019,영산강,bloom_season_06_10,2.88546,contains_near_zero_or_nonpositive_discharge,6.1216950432175885,3.781810773614557,22,22,6.221777777777778,43.452633986928106,153,5.570326797385621,885.5541000000001,43.439235294117644,153,1.6572370939375325,24.586363636363636,22,1.8280556822763594,3.7716714709770796,1.3572413809288006
승촌보,5004601,2020,영산강,bloom_season_06_10,1.20277,contains_near_zero_or_nonpositive_discharge,4.159626854312516,4.174826733756808,21,21,6.240057516339869,131.2350065359477,153,5.556143790849673,1605.5383,131.4632549019608,153,0.5503324899886156,24.01904761904762,21,1.8309893997010152,4.876989659029725,0.7897156592831245
승촌보,5004601,2021,영산강,bloom_season_06_10,2.6464,robust_candidate_no_low_flow_flag,5.968835429047621,4.331785418237135,20,20,6.09621568627451,43.30464705882353,153,5.485228758169935,814.8994,43.31064052287582,153,1.629341345944464,25.395,20,1.8076681993651418,3.7682599516244872,1.2937403795092828
승촌보,5004601,2022,영산강,bloom_season_06_10,4.93137,contains_near_zero_or_nonpositive_discharge,6.162713119299281,3.844661455673279,21,21,6.0763581699346405,20.235418300653592,153,5.471934640522876,515.4699,20.236496732026144,153,3.4755011492476613,25.538095238095234,21,1.80440553130665,3.0074344502492556,1.780255214994412
승촌보,5004601,2023,영산강,bloom_season_06_10,1.33429,robust_candidate_no_low_flow_flag,6.848816734937359,3.4161825798516396,17,17,6.864914379084967,119.3736274509804,153,6.00526862745098,1515.3256000000001,119.35232679738562,153,0.665599506627484,25.311764705882354,17,1.9264235670496541,4.78225830094196,0.8477077763601703
승촌보,5004601,2024,영산강,bloom_season_06_10,2.35029,contains_near_zero_or_nonpositive_discharge,6.560323202124582,3.511274031582781,22,22,6.327037908496732,43.07671241830065,153,5.641480392156863,829.6537,43.07430718954248,153,1.6999812964209664,26.377272727272725,22,1.8448321816904572,3.7629825359662514,1.2090469092544336
승촌보,5004601,2025,영산강,bloom_season_06_10,1.4027,contains_near_zero_or_nonpositive_discharge,6.917012300244814,3.3901364343027303,20,20,6.4594477124183,111.22764052287583,153,5.6919248366013075,1535.0126,111.2914705882353,153,0.672154205103017,25.794999999999998,20,1.8655438207060389,4.711578916782308,0.8765931050156093
여주보,1007602,2017,한강(남한강),bloom_season_06_10,0.687588,robust_candidate_no_low_flow_flag,0.0,2.2669579153508947,18,18,11.922522875816993,357.863091503268,153,33.15111111111111,985.5705,357.8728954248366,153,0.38560043265397315,21.35,18,2.4784292898981515,5.880150487288716,0.5233002905530285
여주보,1007602,2018,한강(남한강),bloom_season_06_10,0.592571,robust_candidate_no_low_flow_flag,3.666000671729005,2.957038694168562,21,22,11.930745098039216,321.4108888888889,153,33.15326797385621,843.3461,321.36182352941177,153,0.4296286538423362,21.418181818181818,22,2.4791186899884776,5.772720332284239,0.46534969145778604
여주보,1007602,2019,한강(남한강),bloom_season_06_10,1.09355,robust_candidate_no_low_flow_flag,4.2607574156994605,2.8888554573782006,22,22,11.58792156862745,118.09366666666665,153,33.073986928104574,594.6984,118.09369934640523,153,1.1357041100131373,22.181818181818183,22,2.4499633115572617,4.7714780948954605,0.738861189640626
여주보,1007602,2020,한강(남한강),bloom_season_06_10,0.386433,robust_candidate_no_low_flow_flag,0.0,2.1988106204918543,14,14,12.191054901960783,682.9308366013072,153,33.212026143790844,1196.0292,682.8686993464053,153,0.20660975447909344,19.464285714285715,14,2.50070247805583,6.526393590316303,0.3267342617903372
여주보,1007602,2021,한강(남한강),bloom_season_06_10,0.773837,robust_candidate_no_low_flow_flag,0.0,1.6849734365790077,13,13,12.263301307189543,275.1163137254902,153,33.23006535947712,721.9902,275.07471241830063,153,0.5159139994283459,21.176923076923078,13,2.506611168908567,5.617193967246409,0.5731449969150637
여주보,1007602,2022,한강(남한강),bloom_season_06_10,0.492676,robust_candidate_no_low_flow_flag,0.0,1.8940383183484732,13,13,12.165791503267974,535.4119215686275,153,33.20715032679739,1136.8021,535.402091503268,153,0.2629896092265405,20.700000000000003,13,2.4986280380949117,6.283036397496231,0.40057048228032954
여주보,1007602,2023,한강(남한강),bloom_season_06_10,0.448037,robust_candidate_no_low_flow_flag,0.0,2.4948569806411687,10,10,12.440329411764706,595.316908496732,153,33.26727058823529,1147.1408999999999,595.2907385620915,153,0.24186326990313842,21.05,10,2.5209435670058378,6.3890938830765425,0.3702088461232533
여주보,1007602,2024,한강(남한강),bloom_season_06_10,0.503294,robust_candidate_no_low_flow_flag,0.0,2.390595970316759,10,10,12.139471895424837,412.2708758169935,153,33.20152091503268,1025.2592,412.2840065359477,153,0.3408029894407497,24.580000000000002,10,2.4964622834845573,6.021680598888947,0.4076587004243692
여주보,1007602,2025,한강(남한강),bloom_season_06_10,0.690838,robust_candidate_no_low_flow_flag,0.0,2.5734600471294455,9,9,12.087785620915033,295.7089673202614,153,33.18958954248366,897.0018,295.7449869281046,153,0.4731169549433276,27.477777777777778,9,2.4921954899451255,5.689375752135042,0.5252242640262001
이포보,1007603,2017,한강(남한강),bloom_season_06_10,0.786497,robust_candidate_no_low_flow_flag,0.0,2.696502298514314,18,18,15.020071895424836,387.0414117647059,153,28.148366013071893,974.3851,387.05489542483656,153,0.44915975250020496,21.85,18,2.70938743297066,5.958531694448869,0.5802567192187924
이포보,1007603,2018,한강(남한강),bloom_season_06_10,0.651081,robust_candidate_no_low_flow_flag,4.573237138885082,3.199414957347314,21,22,13.713196078431373,354.9979869281046,153,27.919477124183008,846.2976,354.2425163398693,153,0.4470942175686502,22.37727272727273,22,2.6183585866416177,5.872112118834281,0.5014302249095763
이포보,1007603,2019,한강(남한강),bloom_season_06_10,1.22234,robust_candidate_no_low_flow_flag,3.5183067898090647,2.9391619220655967,22,22,14.69402614379085,140.43645098039215,153,28.079084967320263,603.2346,140.43982352941177,153,1.2110085796625665,23.11818181818182,22,2.6874410264118866,4.944755080263121,0.7985606948133213
이포보,1007603,2020,한강(남한강),bloom_season_06_10,0.455252,robust_candidate_no_low_flow_flag,0.0,2.4546928711915035,14,14,15.640549673202615,733.4353594771242,153,28.263921568627453,1216.181,733.4083529411765,153,0.24681777083387033,20.264285714285712,14,2.7498668798450177,6.59773946756081,0.3751790815030703
이포보,1007603,2021,한강(남한강),bloom_season_06_10,0.926131,robust_candidate_no_low_flow_flag,0.0,1.4903078160525172,13,13,15.321707189542483,278.33913071895427,153,28.219346405228762,703.8101,278.28562745098037,153,0.6371169353550112,21.200000000000003,13,2.729270593452714,5.628840264896201,0.6555133276776544
이포보,1007603,2022,한강(남한강),bloom_season_06_10,0.555803,robust_candidate_no_low_flow_flag,0.0,1.8538912503350613,13,13,15.465992156862745,595.8620392156863,153,28.23926797385621,1147.1352,595.8586339869281,153,0.30041272487872506,21.069230769230767,13,2.7386435590654647,6.390009162444193,0.4419918110570925
이포보,1007603,2023,한강(남한강),bloom_season_06_10,0.525841,robust_candidate_no_low_flow_flag,0.0,2.983659692319722,10,10,15.953139869281044,635.3648039215686,153,28.322767320261438,1129.7189,635.31077124183,153,0.2906091452052104,21.39,10,2.769655666865271,6.454199328298655,0.42254573346252994
이포보,1007603,2024,한강(남한강),bloom_season_06_10,0.59458,robust_candidate_no_low_flow_flag,0.0,2.9568024271857736,11,11,15.301612418300651,447.55181699346406,153,28.213092810457514,1036.6903,447.5282222222222,153,0.3957128289008149,25.136363636363637,11,2.727958209662625,6.10379232317568,0.46661037867723737
이포보,1007603,2025,한강(남한강),bloom_season_06_10,0.772848,robust_candidate_no_low_flow_flag,0.0,3.352629415027245,9,9,15.319286274509805,342.8906732026144,153,28.21689019607843,906.0332,342.92786928104573,153,0.5170935460188273,28.022222222222222,9,2.729112575401468,5.837411659339883,0.5725872930165588
죽산보,5004602,2017,영산강,bloom_season_06_10,7.70832,robust_candidate_no_low_flow_flag,10.34550421647381,3.4186006185608395,30,30,20.76596732026144,51.88459477124183,153,2.5316339869281044,734.0363,51.481235294117646,153,4.632335379011669,25.05,30,3.0333154601663304,3.9490219208935984,2.164278890515215
죽산보,5004602,2018,영산강,bloom_season_06_10,2.78489,contains_near_zero_or_nonpositive_discharge,10.43954981432555,3.77929552238594,27,27,16.445745098039215,95.54395424836602,153,1.5520915032679738,939.3408,94.73343137254902,153,1.9922168123086839,25.825925925925926,27,2.800066787099828,4.559586395511934,1.3310168243799152
죽산보,5004602,2019,영산강,bloom_season_06_10,3.60632,contains_near_zero_or_nonpositive_discharge,5.5750878508322925,3.697478737700123,22,22,16.344326797385623,79.51915032679739,153,1.5304575163398693,904.2685,79.49745751633988,153,2.3789294561924663,24.254545454545454,22,2.7938808522607026,4.37599787726605,1.5274292735835953
죽산보,5004602,2020,영산강,bloom_season_06_10,1.76758,contains_near_zero_or_nonpositive_discharge,6.444888029855977,4.21600016036643,21,21,16.62222026143791,224.83239215686274,153,1.5608496732026145,1510.3328000000001,224.82310457516337,153,0.8556899063157741,23.89047619047619,21,2.8107403702425273,5.415355200863583,1.0179732921385931
죽산보,5004602,2021,영산강,bloom_season_06_10,3.97403,robust_candidate_no_low_flow_flag,8.318937355609807,4.247065649239764,20,20,16.18034705882353,76.76321568627452,153,1.489934640522876,828.0591000000001,76.79194771241829,153,2.439612954314197,25.975,20,2.7837973612657843,4.340725562996188,1.6042303767261124
죽산보,5004602,2022,영산강,bloom_season_06_10,7.69144,robust_candidate_no_low_flow_flag,8.435301155741689,3.715312711182092,21,21,16.22610588235294,34.67759477124183,153,1.5018562091503267,526.3225,34.6590522875817,153,5.415662552578951,25.795238095238098,21,2.786621419426311,3.5460937945833546,2.162338633259306
죽산보,5004602,2023,영산강,bloom_season_06_10,1.90442,mean_daily_tau_sensitive_to_low_flow,8.225041887551972,3.179903969636107,18,18,16.347473856209152,200.36276470588237,153,1.5307091503267973,1389.565,200.35350980392155,153,0.9443215340609603,25.461111111111112,18,2.7940733811988663,5.300129547085982,1.066233714604088
죽산보,5004602,2024,영산강,bloom_season_06_10,3.32552,contains_near_zero_or_nonpositive_discharge,9.10970101731079,3.627849920786444,22,22,16.191109803921567,78.70309803921569,153,1.4930843137254903,881.2733000000001,78.70311764705882,153,2.3810638828814605,26.522727272727273,22,2.784462314069129,4.3656825198228475,1.4645323643705224
죽산보,5004602,2025,영산강,bloom_season_06_10,2.24905,robust_candidate_no_low_flow_flag,8.559831136100472,3.536456447665845,20,20,16.864440522875817,175.20023529411768,153,1.6342424836601306,1432.7268,175.21624836601308,153,1.1140982973105327,26.275,20,2.8252072941048145,5.165929521504344,1.1783626459191179
창녕함안보,2017601,2017,낙동강,bloom_season_06_10,5.52492,robust_candidate_no_low_flow_flag,10.85533510305656,3.475605515802098,23,23,97.88753594771242,308.25112418300654,153,4.850901960784314,623.9804,307.94541830065356,153,3.6754370158104703,25.01304347826087,23,4.583819227311952,5.730914789022415,1.8756286925971977
창녕함안보,2017601,2018,낙동강,bloom_season_06_10,3.20671,robust_candidate_no_low_flow_flag,11.347347744490392,3.4086693965008563,20,20,94.79742483660131,521.2482810457516,153,4.683790849673203,819.0977,517.6806209150326,153,2.104932441962315,24.619999999999997,20,4.551742244721151,6.256226475353619,1.4366808695012516
창녕함안보,2017601,2019,낙동강,bloom_season_06_10,4.04752,robust_candidate_no_low_flow_flag,10.67945504817556,3.315177248764923,22,22,93.4671045751634,509.744954248366,153,4.603856209150327,771.5015,506.39058169934646,153,2.122228347384641,24.38181818181818,22,4.537609551664981,6.233910510922722,1.618897033554608
창녕함안보,2017601,2020,낙동강,bloom_season_06_10,2.03598,robust_candidate_no_low_flow_flag,9.032063955890838,3.304645690761023,18,18,99.35919738562092,1122.8070065359477,153,4.9526143790849675,1070.0279,1119.4086535947713,153,1.0242104865640642,23.961111111111112,18,4.598741540310563,7.023587084703337,1.1105342718964017
창녕함안보,2017601,2021,낙동강,bloom_season_06_10,3.17242,robust_candidate_no_low_flow_flag,9.141704579586044,3.269206751566576,21,21,57.61276732026143,467.36058823529413,153,2.5481045751633986,756.228,466.87698039215684,153,1.4267665125442501,24.98095238095238,21,4.053744198005685,6.14710109727287,1.4284962032124664
창녕함안보,2017601,2022,낙동강,bloom_season_06_10,5.46544,robust_candidate_no_low_flow_flag,10.531218493543031,3.686752193097762,20,20,71.75593921568627,301.736660130719,153,3.461529411764706,570.7447999999999,299.9132352941176,153,2.7524284101816296,24.835,20,4.273270627739187,5.709554650651522,1.866471068685963
창녕함안보,2017601,2023,낙동강,bloom_season_06_10,2.00175,robust_candidate_no_low_flow_flag,9.99896135531712,3.343568268825519,15,15,100.48861503267973,1145.73622875817,153,5.013358169934641,1207.9228,1145.4645490196078,153,1.0151225428648254,24.48125,16,4.61004443782518,7.043802703904536,1.0991954519286904
창녕함안보,2017601,2024,낙동강,bloom_season_06_10,2.70046,robust_candidate_no_low_flow_flag,10.619996611639742,3.388578413797551,21,21,94.78722549019608,580.3759281045752,153,4.712233986928105,778.9339,580.1154967320261,153,1.8902823428297237,26.861904761904764,21,4.551634647967959,6.363676045485178,1.3084571362468749
창녕함안보,2017601,2025,낙동강,bloom_season_06_10,3.71217,robust_candidate_no_low_flow_flag,9.701299366397906,3.711130063048756,17,17,96.75181895424836,571.4935620915032,153,4.806547058823529,884.1987,571.0349869281046,153,1.959449403558773,27.75294117647059,17,4.57214913229387,6.3482532182396625,1.5501485237969586
칠곡보,2011601,2017,낙동강,bloom_season_06_10,8.52069,robust_candidate_no_low_flow_flag,8.62748154531036,2.819960647623769,21,21,76.65867320261438,184.48427450980392,153,25.632418300653597,716.5054,184.5928431372549,153,4.809370145096813,23.585714285714285,21,4.339362752244771,5.217564226838849,2.2534673251683954
칠곡보,2011601,2018,낙동강,bloom_season_06_10,5.35045,robust_candidate_no_low_flow_flag,8.000029341648185,2.4898188077853782,22,22,76.28683006535948,263.29068627450977,153,25.596143790849673,752.477,263.28293464052285,153,3.353515593529955,23.0,22,4.334500316122855,5.573258692821209,1.8485256765354463
칠곡보,2011601,2019,낙동강,bloom_season_06_10,8.85746,robust_candidate_no_low_flow_flag,8.484068767165887,2.842528115330764,22,22,75.82494771241831,183.07110457516342,153,25.551960784313724,676.5369000000001,183.10988235294118,153,4.793785253674512,23.904545454545453,22,4.328427363992057,5.209874626966633,2.2882285289374202
칠곡보,2011601,2020,낙동강,bloom_season_06_10,3.04183,robust_candidate_no_low_flow_flag,7.300081821318464,3.1235235389142666,19,19,76.40423529411764,613.0456013071895,153,25.607712418300654,1005.7533,613.0378627450981,153,1.4424836863383454,23.763157894736842,19,4.336038130422849,6.418439323556316,1.3966975597100133
칠곡보,2011601,2021,낙동강,bloom_season_06_10,5.43001,robust_candidate_no_low_flow_flag,8.656731506304162,3.10565380053938,21,21,76.04233006535948,270.5297908496732,153,25.574967320261436,749.3077,270.568568627451,153,3.253318454050488,24.966666666666665,21,4.331290159777784,5.600382224753534,1.860976093458272
칠곡보,2011601,2022,낙동강,bloom_season_06_10,8.23453,robust_candidate_no_low_flow_flag,9.238038220415858,3.2041681959959263,20,20,76.65389869281046,158.3033660130719,153,25.630888888888887,591.2611,158.3808954248366,153,5.604415900189373,24.619999999999997,20,4.339300467596533,5.064513230167357,2.222949719015541
칠곡보,2011601,2023,낙동강,bloom_season_06_10,2.90223,robust_candidate_no_low_flow_flag,8.362433554282285,3.03949730152075,19,19,75.7516339869281,600.3347189542484,153,25.54408888888889,1252.5165,600.3796862745098,153,1.4604436413807858,24.78421052631579,19,4.327460014941362,6.397487364591105,1.361548184594997
칠곡보,2011601,2024,낙동강,bloom_season_06_10,4.40766,robust_candidate_no_low_flow_flag,10.358087738869006,3.6943643843445058,15,15,76.29819477124182,320.0685490196078,153,25.599625490196075,764.3866,320.04527450980396,153,2.7590369647546513,25.973333333333336,15,4.3346492783937665,5.7685351885391425,1.6878164669417877
칠곡보,2011601,2025,낙동강,bloom_season_06_10,6.59594,robust_candidate_no_low_flow_flag,9.301167791936672,3.1059310658520665,20,20,76.58129738562091,232.15730718954248,153,25.62354117647059,785.2497,232.2658431372549,153,3.817918201067925,26.389999999999997,20,4.338352887478127,5.447415190126253,2.027613894024688
합천창녕보,2014602,2017,낙동강,bloom_season_06_10,4.77764,robust_candidate_no_low_flow_flag,10.589764215352025,3.246490991901174,33,33,57.96590196078431,240.69287581699348,153,9.55078431372549,643.7296,239.8170653594771,153,2.7873764056678656,24.66969696969697,33,4.0598549404392275,5.483521746581969,1.7539952948070376
합천창녕보,2014602,2018,낙동강,bloom_season_06_10,2.61063,contains_near_zero_or_nonpositive_discharge,11.72339243544373,3.3161321616280115,28,28,56.46013071895425,338.60480392156865,153,9.372875816993464,729.9559,338.61134640522874,153,1.9299009571182764,25.09642857142857,28,4.033534738071587,5.824833657199008,1.2838822723542342
합천창녕보,2014602,2019,낙동강,bloom_season_06_10,3.1629,contains_near_zero_or_nonpositive_discharge,10.637993880621115,3.0746933153567864,37,37,59.599673202614376,334.81241830065363,153,9.63967320261438,726.7397,333.96083006535946,153,2.0602910607044223,25.27567567567568,37,4.08765009087866,5.813570429625928,1.4262119467857242
합천창녕보,2014602,2020,낙동강,bloom_season_06_10,1.69332,robust_candidate_no_low_flow_flag,8.436975907101576,3.001505052639732,19,19,60.06248104575164,731.9735490196078,153,9.700326797385621,1030.4438,731.6134967320261,153,0.9497168383028246,24.736842105263158,19,4.0953853711550465,6.595744378089304,0.9907746333575911
합천창녕보,2014602,2021,낙동강,bloom_season_06_10,2.66951,contains_near_zero_or_nonpositive_discharge,10.017593996534902,2.9084611225662775,21,21,56.73973921568627,370.7806274509804,153,9.336143790849674,744.6626,369.3490522875817,153,1.7711549525677954,25.25238095238095,21,4.038474833241949,5.915610587049037,1.3000581381661835
합천창녕보,2014602,2022,낙동강,bloom_season_06_10,4.24624,contains_near_zero_or_nonpositive_discharge,10.705389357245467,3.696103299203256,20,20,52.788982352941176,202.0422679738562,153,8.952487581699348,564.7583999999999,201.97450326797386,153,3.0240384755876435,24.994999999999997,20,3.9663025013801794,5.308476922907349,1.6575116295404255
합천창녕보,2014602,2023,낙동강,bloom_season_06_10,1.40973,contains_near_zero_or_nonpositive_discharge,9.72198815767441,2.9617229574512427,16,16,57.92997058823529,906.6197516339869,153,9.500050980392157,1193.2653,906.5586405228759,153,0.7395446321225204,25.370588235294118,17,4.059234877396256,6.809723124761802,0.8795147080313557
합천창녕보,2014602,2024,낙동강,bloom_season_06_10,2.3499,robust_candidate_no_low_flow_flag,11.154558912496777,3.590094494247774,16,16,56.158793464052295,425.0022745098039,153,9.335897385620916,754.9114,424.88587581699346,153,1.5293707221055695,26.7375,16,4.028183275584571,6.05209452069787,1.208930494645164
합천창녕보,2014602,2025,낙동강,bloom_season_06_10,3.14339,robust_candidate_no_low_flow_flag,10.670211582086,3.466985122200158,20,20,55.34698758169934,373.4285816993464,153,9.253054901960784,828.4687,373.3468496732026,153,1.7154287739099625,27.160000000000004,20,4.0136222327720095,5.922726772632842,1.4215142933498843
